codigo_pof,descricao_pof,m_v3,m_av2,flag_v3,flag_av2,dispositivo_av2,tipo_divergencia,amostra,despesa_anual_rs,share_da_base,formula,fonte
1000101,ALUGUEL DO IMOVEL,0.3,0.4,A,B,"Art. 261, p.u. — locação de imóvel red. 70% (residual 0,30; grid sem 0,30, aprox. p/ 0,40)",m_diverge,original,77393759192.74588,0.029899722955259597,"despesa_anual_rs = Σ_uf despesa POF do item; share_da_base = despesa do item ÷ denominador nacional de π^p (em campo, ex-combustíveis, matriz central)","data/inputs/dupla_codificacao_2026_07.csv (vendorado do v1; amostra estratificada m×flag de 470 itens, mínimo 12/estrato, seed 42; avaliador 2 = LLM cego ao gabarito, 2026-07-06) + data/inputs/dupla_codificacao_dirigida_2026_07.csv (R6: 46 itens do top-50% da despesa da base de π^p ausentes da amostra original, recodificados às cegas pelo mesmo protocolo, 2026-07-13) × data/inputs/matriz_pof_ibs_v5.csv; data/processed/pof_despesa_item_uf.parquet"
4700101,"AQUISICAO DE OUTROS IMOVEIS A VISTA OU A PRAZO (PARCELAS, TAXAS, ETC.)",1.0,1.0,A,F,"aquisição de ativo imobiliário (FBCF), não consumo; alienação por PF não contribuinte fora do campo (arts. 4º-6º; cf. 251 e ss.)",campo_diverge,dirigida_peso_top50,62930293747.29096,0.02431201647475301,"despesa_anual_rs = Σ_uf despesa POF do item; share_da_base = despesa do item ÷ denominador nacional de π^p (em campo, ex-combustíveis, matriz central)","data/inputs/dupla_codificacao_2026_07.csv (vendorado do v1; amostra estratificada m×flag de 470 itens, mínimo 12/estrato, seed 42; avaliador 2 = LLM cego ao gabarito, 2026-07-06) + data/inputs/dupla_codificacao_dirigida_2026_07.csv (R6: 46 itens do top-50% da despesa da base de π^p ausentes da amostra original, recodificados às cegas pelo mesmo protocolo, 2026-07-13) × data/inputs/matriz_pof_ibs_v5.csv; data/processed/pof_despesa_item_uf.parquet"
1000301,PRESTACAO DO IMOVEL,1.0,1.0,A,F,"amortização de aquisição habitacional = formação de ativo/autoconsumo habitacional, fora do consumo tributável (arts. 4º-6º); juros = serviço financeiro art. 181",campo_diverge,dirigida_peso_top50,33791115895.861958,0.013054605619028272,"despesa_anual_rs = Σ_uf despesa POF do item; share_da_base = despesa do item ÷ denominador nacional de π^p (em campo, ex-combustíveis, matriz central)","data/inputs/dupla_codificacao_2026_07.csv (vendorado do v1; amostra estratificada m×flag de 470 itens, mínimo 12/estrato, seed 42; avaliador 2 = LLM cego ao gabarito, 2026-07-06) + data/inputs/dupla_codificacao_dirigida_2026_07.csv (R6: 46 itens do top-50% da despesa da base de π^p ausentes da amostra original, recodificados às cegas pelo mesmo protocolo, 2026-07-13) × data/inputs/matriz_pof_ibs_v5.csv; data/processed/pof_despesa_item_uf.parquet"
1200101,"AQUISICAO DO IMOVEL A VISTA (VALOR PAGO, IMPOSTO DE TRANSMISSAO, ETC.)",1.0,1.0,A,F,aquisição de imóvel = inversão patrimonial/FBCF; venda usada entre PF não contribuintes fora do campo (arts. 4º-5º); ITBI = tributo; redutores arts. 251-259 não mapeiam nos níveis,campo_diverge,dirigida_peso_top50,17588051911.608433,0.006794835720153347,"despesa_anual_rs = Σ_uf despesa POF do item; share_da_base = despesa do item ÷ denominador nacional de π^p (em campo, ex-combustíveis, matriz central)","data/inputs/dupla_codificacao_2026_07.csv (vendorado do v1; amostra estratificada m×flag de 470 itens, mínimo 12/estrato, seed 42; avaliador 2 = LLM cego ao gabarito, 2026-07-06) + data/inputs/dupla_codificacao_dirigida_2026_07.csv (R6: 46 itens do top-50% da despesa da base de π^p ausentes da amostra original, recodificados às cegas pelo mesmo protocolo, 2026-07-13) × data/inputs/matriz_pof_ibs_v5.csv; data/processed/pof_despesa_item_uf.parquet"
1200201,"AQUISICAO DO IMOVEL A PRAZO (ENTRADA, PARCELAS, TAXAS, IMPOSTOS, ETC.)",1.0,1.0,A,F,idem aquisição à vista; juros/encargos = serviços financeiros arts. 181 e ss. (carga equivalente à padrão),campo_diverge,dirigida_peso_top50,13805922575.50143,0.005333676312597928,"despesa_anual_rs = Σ_uf despesa POF do item; share_da_base = despesa do item ÷ denominador nacional de π^p (em campo, ex-combustíveis, matriz central)","data/inputs/dupla_codificacao_2026_07.csv (vendorado do v1; amostra estratificada m×flag de 470 itens, mínimo 12/estrato, seed 42; avaliador 2 = LLM cego ao gabarito, 2026-07-06) + data/inputs/dupla_codificacao_dirigida_2026_07.csv (R6: 46 itens do top-50% da despesa da base de π^p ausentes da amostra original, recodificados às cegas pelo mesmo protocolo, 2026-07-13) × data/inputs/matriz_pof_ibs_v5.csv; data/processed/pof_despesa_item_uf.parquet"
2999901,AGREGADO,1.0,0.4,A,C,"agregado do quadro de remédios; art. 128/Anexo XII (red. 60%), sem NCM identificável — pode conter itens do Anexo XIV (zero)",m_diverge,dirigida_peso_top50,12839860563.926947,0.004960455179460551,"despesa_anual_rs = Σ_uf despesa POF do item; share_da_base = despesa do item ÷ denominador nacional de π^p (em campo, ex-combustíveis, matriz central)","data/inputs/dupla_codificacao_2026_07.csv (vendorado do v1; amostra estratificada m×flag de 470 itens, mínimo 12/estrato, seed 42; avaliador 2 = LLM cego ao gabarito, 2026-07-06) + data/inputs/dupla_codificacao_dirigida_2026_07.csv (R6: 46 itens do top-50% da despesa da base de π^p ausentes da amostra original, recodificados às cegas pelo mesmo protocolo, 2026-07-13) × data/inputs/matriz_pof_ibs_v5.csv; data/processed/pof_despesa_item_uf.parquet"
2900301,PARA PRESSAO ALTA (ANTI-HIPERTENSIVO),0.0,0.4,A,C,medicamento — red. 60% (arts. 126-137/Anexo XII); alíquota zero do Anexo XIV possível conforme princípio ativo,m_diverge,dirigida_peso_top50,11861462895.896324,0.004582468381567297,"despesa_anual_rs = Σ_uf despesa POF do item; share_da_base = despesa do item ÷ denominador nacional de π^p (em campo, ex-combustíveis, matriz central)","data/inputs/dupla_codificacao_2026_07.csv (vendorado do v1; amostra estratificada m×flag de 470 itens, mínimo 12/estrato, seed 42; avaliador 2 = LLM cego ao gabarito, 2026-07-06) + data/inputs/dupla_codificacao_dirigida_2026_07.csv (R6: 46 itens do top-50% da despesa da base de π^p ausentes da amostra original, recodificados às cegas pelo mesmo protocolo, 2026-07-13) × data/inputs/matriz_pof_ibs_v5.csv; data/processed/pof_despesa_item_uf.parquet"
9000901,AGREGADO,1.0,1.0,A,F,"Transferência a pessoa (agregado), operação não onerosa — fora do campo (arts. 4º-6º)",campo_diverge,dirigida_peso_top50,10414819318.790482,0.004023582980190843,"despesa_anual_rs = Σ_uf despesa POF do item; share_da_base = despesa do item ÷ denominador nacional de π^p (em campo, ex-combustíveis, matriz central)","data/inputs/dupla_codificacao_2026_07.csv (vendorado do v1; amostra estratificada m×flag de 470 itens, mínimo 12/estrato, seed 42; avaliador 2 = LLM cego ao gabarito, 2026-07-06) + data/inputs/dupla_codificacao_dirigida_2026_07.csv (R6: 46 itens do top-50% da despesa da base de π^p ausentes da amostra original, recodificados às cegas pelo mesmo protocolo, 2026-07-13) × data/inputs/matriz_pof_ibs_v5.csv; data/processed/pof_despesa_item_uf.parquet"
4700201,"AQUISICAO DE OUTROS TERRENOS OU LOTES A VISTA OU A PRAZO (PARCELAS, TAXAS, ETC.)",1.0,1.0,A,F,"Aquisição de terreno = formação de ativo, não consumo; alienação por PF não contribuinte fora do campo (arts. 4º-6º; cf. arts. 251 e ss.)",campo_diverge,dirigida_peso_top50,9982527719.53813,0.0038565746944020456,"despesa_anual_rs = Σ_uf despesa POF do item; share_da_base = despesa do item ÷ denominador nacional de π^p (em campo, ex-combustíveis, matriz central)","data/inputs/dupla_codificacao_2026_07.csv (vendorado do v1; amostra estratificada m×flag de 470 itens, mínimo 12/estrato, seed 42; avaliador 2 = LLM cego ao gabarito, 2026-07-06) + data/inputs/dupla_codificacao_dirigida_2026_07.csv (R6: 46 itens do top-50% da despesa da base de π^p ausentes da amostra original, recodificados às cegas pelo mesmo protocolo, 2026-07-13) × data/inputs/matriz_pof_ibs_v5.csv; data/processed/pof_despesa_item_uf.parquet"
1102001,"MAO-DE-OBRA (PEDREIRO, MARCENEIRO, ELETRICISTA, PINTOR, ETC.) (CONSTRUCAO E REFORMA)",1.0,0.6,A,B,"Art. 252, V c/c 261 caput — construção civil red. 50% (residual 0,50; grid sem 0,50, aprox. conservadora p/ 0,60)",m_diverge,original,9722397505.669748,0.003756077943655171,"despesa_anual_rs = Σ_uf despesa POF do item; share_da_base = despesa do item ÷ denominador nacional de π^p (em campo, ex-combustíveis, matriz central)","data/inputs/dupla_codificacao_2026_07.csv (vendorado do v1; amostra estratificada m×flag de 470 itens, mínimo 12/estrato, seed 42; avaliador 2 = LLM cego ao gabarito, 2026-07-06) + data/inputs/dupla_codificacao_dirigida_2026_07.csv (R6: 46 itens do top-50% da despesa da base de π^p ausentes da amostra original, recodificados às cegas pelo mesmo protocolo, 2026-07-13) × data/inputs/matriz_pof_ibs_v5.csv; data/processed/pof_despesa_item_uf.parquet"
4700301,ALUGUEL DE OUTROS IMOVEIS,0.3,0.4,A,B,"Aluguel de outros imoveis (locacao) - art. 261 p.u. reducao 70% (m efetivo 0,30 fora do conjunto permitido); aproximacao ao tier disponivel mais proximo",m_diverge,original,7003032747.372952,0.002705499011510579,"despesa_anual_rs = Σ_uf despesa POF do item; share_da_base = despesa do item ÷ denominador nacional de π^p (em campo, ex-combustíveis, matriz central)","data/inputs/dupla_codificacao_2026_07.csv (vendorado do v1; amostra estratificada m×flag de 470 itens, mínimo 12/estrato, seed 42; avaliador 2 = LLM cego ao gabarito, 2026-07-06) + data/inputs/dupla_codificacao_dirigida_2026_07.csv (R6: 46 itens do top-50% da despesa da base de π^p ausentes da amostra original, recodificados às cegas pelo mesmo protocolo, 2026-07-13) × data/inputs/matriz_pof_ibs_v5.csv; data/processed/pof_despesa_item_uf.parquet"
9000501,CESTA BASICA,1.0,0.0,A,B,"Art. 125 + Anexo I (Cesta Basica Nacional de Alimentos, aliquota zero). Rubrica composta 'cesta basica' aproximada ao rol zero-rated; aproximacao declarada.",m_diverge,original,3314865799.1168075,0.0012806403263164877,"despesa_anual_rs = Σ_uf despesa POF do item; share_da_base = despesa do item ÷ denominador nacional de π^p (em campo, ex-combustíveis, matriz central)","data/inputs/dupla_codificacao_2026_07.csv (vendorado do v1; amostra estratificada m×flag de 470 itens, mínimo 12/estrato, seed 42; avaliador 2 = LLM cego ao gabarito, 2026-07-06) + data/inputs/dupla_codificacao_dirigida_2026_07.csv (R6: 46 itens do top-50% da despesa da base de π^p ausentes da amostra original, recodificados às cegas pelo mesmo protocolo, 2026-07-13) × data/inputs/matriz_pof_ibs_v5.csv; data/processed/pof_despesa_item_uf.parquet"
2902401,ANTICONCEPCIONAL,0.0,0.4,B,A,"Art. 133 — anticoncepcional, medicamento Anvisa fora das destinações do art. 146; redução de 60%",m_diverge,original,2045744114.3161519,0.0007903373979169507,"despesa_anual_rs = Σ_uf despesa POF do item; share_da_base = despesa do item ÷ denominador nacional de π^p (em campo, ex-combustíveis, matriz central)","data/inputs/dupla_codificacao_2026_07.csv (vendorado do v1; amostra estratificada m×flag de 470 itens, mínimo 12/estrato, seed 42; avaliador 2 = LLM cego ao gabarito, 2026-07-06) + data/inputs/dupla_codificacao_dirigida_2026_07.csv (R6: 46 itens do top-50% da despesa da base de π^p ausentes da amostra original, recodificados às cegas pelo mesmo protocolo, 2026-07-13) × data/inputs/matriz_pof_ibs_v5.csv; data/processed/pof_despesa_item_uf.parquet"
8100104,CHARQUE,1.0,0.0,A,A,"Charque = carne bovina seca/salgada NCM 0210.20.00; Anexo I item 19 alínea 'a' (art. 125); alíquota zero -> m=0,00.",m_diverge,original,718432804.0165664,0.00027755392716573274,"despesa_anual_rs = Σ_uf despesa POF do item; share_da_base = despesa do item ÷ denominador nacional de π^p (em campo, ex-combustíveis, matriz central)","data/inputs/dupla_codificacao_2026_07.csv (vendorado do v1; amostra estratificada m×flag de 470 itens, mínimo 12/estrato, seed 42; avaliador 2 = LLM cego ao gabarito, 2026-07-06) + data/inputs/dupla_codificacao_dirigida_2026_07.csv (R6: 46 itens do top-50% da despesa da base de π^p ausentes da amostra original, recodificados às cegas pelo mesmo protocolo, 2026-07-13) × data/inputs/matriz_pof_ibs_v5.csv; data/processed/pof_despesa_item_uf.parquet"
4101901,ALUGUEL DE IMOVEIS POR TEMPORADA,0.3,0.6,B,B,Aluguel de imovel por temporada equivale a hotelaria (alojamento temporario) art. 278 II c/c art. 281 - reducao 40%,m_diverge,original,623779391.2424233,0.00024098623943178465,"despesa_anual_rs = Σ_uf despesa POF do item; share_da_base = despesa do item ÷ denominador nacional de π^p (em campo, ex-combustíveis, matriz central)","data/inputs/dupla_codificacao_2026_07.csv (vendorado do v1; amostra estratificada m×flag de 470 itens, mínimo 12/estrato, seed 42; avaliador 2 = LLM cego ao gabarito, 2026-07-06) + data/inputs/dupla_codificacao_dirigida_2026_07.csv (R6: 46 itens do top-50% da despesa da base de π^p ausentes da amostra original, recodificados às cegas pelo mesmo protocolo, 2026-07-13) × data/inputs/matriz_pof_ibs_v5.csv; data/processed/pof_despesa_item_uf.parquet"
1000401,ALUGUEL DE GARAGEM,0.3,0.4,A,B,"Art. 252, III c/c 261, p.u. — locação de imóvel (garagem) red. 70%",m_diverge,original,605305070.6062723,0.00023384900931699106,"despesa_anual_rs = Σ_uf despesa POF do item; share_da_base = despesa do item ÷ denominador nacional de π^p (em campo, ex-combustíveis, matriz central)","data/inputs/dupla_codificacao_2026_07.csv (vendorado do v1; amostra estratificada m×flag de 470 itens, mínimo 12/estrato, seed 42; avaliador 2 = LLM cego ao gabarito, 2026-07-06) + data/inputs/dupla_codificacao_dirigida_2026_07.csv (R6: 46 itens do top-50% da despesa da base de π^p ausentes da amostra original, recodificados às cegas pelo mesmo protocolo, 2026-07-13) × data/inputs/matriz_pof_ibs_v5.csv; data/processed/pof_despesa_item_uf.parquet"
2400901,BISCOITO DOCE,0.6,1.0,A,B,"Biscoito doce = produto de confeitaria industrializado, não consta cesta básica (Anexo I) nem Anexo VII; regime geral m=1,00. Se servido em lanchonete seria 0,60, mas rubrica de produto embalado → m=1,00 flag B.",m_diverge,original,389861758.9469581,0.00015061626034127098,"despesa_anual_rs = Σ_uf despesa POF do item; share_da_base = despesa do item ÷ denominador nacional de π^p (em campo, ex-combustíveis, matriz central)","data/inputs/dupla_codificacao_2026_07.csv (vendorado do v1; amostra estratificada m×flag de 470 itens, mínimo 12/estrato, seed 42; avaliador 2 = LLM cego ao gabarito, 2026-07-06) + data/inputs/dupla_codificacao_dirigida_2026_07.csv (R6: 46 itens do top-50% da despesa da base de π^p ausentes da amostra original, recodificados às cegas pelo mesmo protocolo, 2026-07-13) × data/inputs/matriz_pof_ibs_v5.csv; data/processed/pof_despesa_item_uf.parquet"
2701101,ALBUM E FIGURINHAS,0.0,1.0,B,C,"Álbum e figurinhas = produto impresso/cromos; não é claramente livro/jornal/periódico imune (CF art. 150, VI, d); rubrica mista (álbum + figurinhas). Conservador m=1,00 flag C.",m_diverge,original,267032771.22379112,0.00010316343285099055,"despesa_anual_rs = Σ_uf despesa POF do item; share_da_base = despesa do item ÷ denominador nacional de π^p (em campo, ex-combustíveis, matriz central)","data/inputs/dupla_codificacao_2026_07.csv (vendorado do v1; amostra estratificada m×flag de 470 itens, mínimo 12/estrato, seed 42; avaliador 2 = LLM cego ao gabarito, 2026-07-06) + data/inputs/dupla_codificacao_dirigida_2026_07.csv (R6: 46 itens do top-50% da despesa da base de π^p ausentes da amostra original, recodificados às cegas pelo mesmo protocolo, 2026-07-13) × data/inputs/matriz_pof_ibs_v5.csv; data/processed/pof_despesa_item_uf.parquet"
2300901,"TRANSPORTE AQUAVIARIO (BARCA, BALSA, NAVIO, ETC.)",0.0,0.6,B,B,"Transporte aquaviário (barca/balsa/navio) = hidroviário de passageiros; se intermunicipal/interestadual redução 40% (art. 286, m=0,60); se urbano seria 100% (art. 285, m=0,00). Rubrica genérica ambígua → conservador m=0,60 flag B.",m_diverge,original,174831454.69226524,6.754306954059568e-05,"despesa_anual_rs = Σ_uf despesa POF do item; share_da_base = despesa do item ÷ denominador nacional de π^p (em campo, ex-combustíveis, matriz central)","data/inputs/dupla_codificacao_2026_07.csv (vendorado do v1; amostra estratificada m×flag de 470 itens, mínimo 12/estrato, seed 42; avaliador 2 = LLM cego ao gabarito, 2026-07-06) + data/inputs/dupla_codificacao_dirigida_2026_07.csv (R6: 46 itens do top-50% da despesa da base de π^p ausentes da amostra original, recodificados às cegas pelo mesmo protocolo, 2026-07-13) × data/inputs/matriz_pof_ibs_v5.csv; data/processed/pof_despesa_item_uf.parquet"
2701201,"PASSATEMPOS (PALAVRA CRUZADAS, QUEBRA-CABECA, GIBI, ETC.)",0.0,1.0,B,C,"Passatempos (palavra cruzada, quebra-cabeça, gibi): gibi seria periódico imune, mas rubrica mista com quebra-cabeça (brinquedo tributado) → conservador m=1,00 flag C.",m_diverge,original,156051869.8851505,6.0287905961460955e-05,"despesa_anual_rs = Σ_uf despesa POF do item; share_da_base = despesa do item ÷ denominador nacional de π^p (em campo, ex-combustíveis, matriz central)","data/inputs/dupla_codificacao_2026_07.csv (vendorado do v1; amostra estratificada m×flag de 470 itens, mínimo 12/estrato, seed 42; avaliador 2 = LLM cego ao gabarito, 2026-07-06) + data/inputs/dupla_codificacao_dirigida_2026_07.csv (R6: 46 itens do top-50% da despesa da base de π^p ausentes da amostra original, recodificados às cegas pelo mesmo protocolo, 2026-07-13) × data/inputs/matriz_pof_ibs_v5.csv; data/processed/pof_despesa_item_uf.parquet"
6501502,GOMA DE MANDIOCA,0.0,0.4,A,C,"Goma de mandioca (fécula/polvilho, NCM 1108.14) — não literal no Anexo I (tapioca 1903 / amido de milho 1108.12); tratada como sucedâneo de tapioca; nível conservador 0,40 flag C",m_diverge,original,136861728.31603345,5.287413097012302e-05,"despesa_anual_rs = Σ_uf despesa POF do item; share_da_base = despesa do item ÷ denominador nacional de π^p (em campo, ex-combustíveis, matriz central)","data/inputs/dupla_codificacao_2026_07.csv (vendorado do v1; amostra estratificada m×flag de 470 itens, mínimo 12/estrato, seed 42; avaliador 2 = LLM cego ao gabarito, 2026-07-06) + data/inputs/dupla_codificacao_dirigida_2026_07.csv (R6: 46 itens do top-50% da despesa da base de π^p ausentes da amostra original, recodificados às cegas pelo mesmo protocolo, 2026-07-13) × data/inputs/matriz_pof_ibs_v5.csv; data/processed/pof_despesa_item_uf.parquet"
1000201,"ADICIONAIS DO ALUGUEL DO IMOVEL (JUROS, MULTA, ETC.)",0.3,0.4,B,B,"Art. 261, p.u. — acessórios de locação seguem regime da locação",m_diverge,original,135082351.1120626,5.218669976137228e-05,"despesa_anual_rs = Σ_uf despesa POF do item; share_da_base = despesa do item ÷ denominador nacional de π^p (em campo, ex-combustíveis, matriz central)","data/inputs/dupla_codificacao_2026_07.csv (vendorado do v1; amostra estratificada m×flag de 470 itens, mínimo 12/estrato, seed 42; avaliador 2 = LLM cego ao gabarito, 2026-07-06) + data/inputs/dupla_codificacao_dirigida_2026_07.csv (R6: 46 itens do top-50% da despesa da base de π^p ausentes da amostra original, recodificados às cegas pelo mesmo protocolo, 2026-07-13) × data/inputs/matriz_pof_ibs_v5.csv; data/processed/pof_despesa_item_uf.parquet"
4702801,ARRENDAMENTO (OUTROS IMOVEIS),0.3,0.4,A,B,"Arrendamento de outros imoveis - art. 252 III c/c art. 261 p.u. reducao 70% (m efetivo 0,30 fora do conjunto); aproximacao",m_diverge,original,81665130.59482592,3.1549892463671106e-05,"despesa_anual_rs = Σ_uf despesa POF do item; share_da_base = despesa do item ÷ denominador nacional de π^p (em campo, ex-combustíveis, matriz central)","data/inputs/dupla_codificacao_2026_07.csv (vendorado do v1; amostra estratificada m×flag de 470 itens, mínimo 12/estrato, seed 42; avaliador 2 = LLM cego ao gabarito, 2026-07-06) + data/inputs/dupla_codificacao_dirigida_2026_07.csv (R6: 46 itens do top-50% da despesa da base de π^p ausentes da amostra original, recodificados às cegas pelo mesmo protocolo, 2026-07-13) × data/inputs/matriz_pof_ibs_v5.csv; data/processed/pof_despesa_item_uf.parquet"
8201007,AGUA MINERAL COM GAS,0.4,1.0,B,A,Água mineral com gás NCM 2201.10; não consta de Anexo I/VII/XV; regime geral art. 12.,m_diverge,original,80354989.25447941,3.1043742309999995e-05,"despesa_anual_rs = Σ_uf despesa POF do item; share_da_base = despesa do item ÷ denominador nacional de π^p (em campo, ex-combustíveis, matriz central)","data/inputs/dupla_codificacao_2026_07.csv (vendorado do v1; amostra estratificada m×flag de 470 itens, mínimo 12/estrato, seed 42; avaliador 2 = LLM cego ao gabarito, 2026-07-06) + data/inputs/dupla_codificacao_dirigida_2026_07.csv (R6: 46 itens do top-50% da despesa da base de π^p ausentes da amostra original, recodificados às cegas pelo mesmo protocolo, 2026-07-13) × data/inputs/matriz_pof_ibs_v5.csv; data/processed/pof_despesa_item_uf.parquet"
4700401,ALUGUEL DE GARAGEM DE OUTROS IMOVEIS,0.3,0.4,A,B,"Aluguel de garagem (locacao de bem imovel) - art. 252 §1 c/c art. 261 p.u. reducao 70% (m efetivo 0,30 fora do conjunto); aproximacao",m_diverge,original,80227284.25090532,3.099440571921163e-05,"despesa_anual_rs = Σ_uf despesa POF do item; share_da_base = despesa do item ÷ denominador nacional de π^p (em campo, ex-combustíveis, matriz central)","data/inputs/dupla_codificacao_2026_07.csv (vendorado do v1; amostra estratificada m×flag de 470 itens, mínimo 12/estrato, seed 42; avaliador 2 = LLM cego ao gabarito, 2026-07-06) + data/inputs/dupla_codificacao_dirigida_2026_07.csv (R6: 46 itens do top-50% da despesa da base de π^p ausentes da amostra original, recodificados às cegas pelo mesmo protocolo, 2026-07-13) × data/inputs/matriz_pof_ibs_v5.csv; data/processed/pof_despesa_item_uf.parquet"
6900803,CHOCOLATE NESCAU,0.4,1.0,B,A,Regime geral art. 18: achocolatado em po (NCM 18.06) fora de rol reduzido,m_diverge,original,75168780.78135101,2.9040141526782152e-05,"despesa_anual_rs = Σ_uf despesa POF do item; share_da_base = despesa do item ÷ denominador nacional de π^p (em campo, ex-combustíveis, matriz central)","data/inputs/dupla_codificacao_2026_07.csv (vendorado do v1; amostra estratificada m×flag de 470 itens, mínimo 12/estrato, seed 42; avaliador 2 = LLM cego ao gabarito, 2026-07-06) + data/inputs/dupla_codificacao_dirigida_2026_07.csv (R6: 46 itens do top-50% da despesa da base de π^p ausentes da amostra original, recodificados às cegas pelo mesmo protocolo, 2026-07-13) × data/inputs/matriz_pof_ibs_v5.csv; data/processed/pof_despesa_item_uf.parquet"
8101006,BACON DEFUMADO,1.0,0.0,A,A,"Bacon defumado = barriga suína NCM 0210.12 (subposição 0210.1); Anexo I item 19 alínea 'b' (art. 125) -> m=0,00.",m_diverge,original,72942901.9084162,2.8180212220764482e-05,"despesa_anual_rs = Σ_uf despesa POF do item; share_da_base = despesa do item ÷ denominador nacional de π^p (em campo, ex-combustíveis, matriz central)","data/inputs/dupla_codificacao_2026_07.csv (vendorado do v1; amostra estratificada m×flag de 470 itens, mínimo 12/estrato, seed 42; avaliador 2 = LLM cego ao gabarito, 2026-07-06) + data/inputs/dupla_codificacao_dirigida_2026_07.csv (R6: 46 itens do top-50% da despesa da base de π^p ausentes da amostra original, recodificados às cegas pelo mesmo protocolo, 2026-07-13) × data/inputs/matriz_pof_ibs_v5.csv; data/processed/pof_despesa_item_uf.parquet"
7009201,MOLHO DE PIMENTA,0.4,1.0,B,A,Regime geral art. 18: molho de pimenta (NCM 2103) fora de rol reduzido,m_diverge,original,57938217.00554487,2.2383415084841545e-05,"despesa_anual_rs = Σ_uf despesa POF do item; share_da_base = despesa do item ÷ denominador nacional de π^p (em campo, ex-combustíveis, matriz central)","data/inputs/dupla_codificacao_2026_07.csv (vendorado do v1; amostra estratificada m×flag de 470 itens, mínimo 12/estrato, seed 42; avaliador 2 = LLM cego ao gabarito, 2026-07-06) + data/inputs/dupla_codificacao_dirigida_2026_07.csv (R6: 46 itens do top-50% da despesa da base de π^p ausentes da amostra original, recodificados às cegas pelo mesmo protocolo, 2026-07-13) × data/inputs/matriz_pof_ibs_v5.csv; data/processed/pof_despesa_item_uf.parquet"
7109401,BODE ABATIDO,1.0,0.0,A,A,"Art. 125 + Anexo I item 19 c (carne caprina - bode abatido, pos. 02.04/0210.99.90 NCM)",m_diverge,original,48735762.59494359,1.8828208046763272e-05,"despesa_anual_rs = Σ_uf despesa POF do item; share_da_base = despesa do item ÷ denominador nacional de π^p (em campo, ex-combustíveis, matriz central)","data/inputs/dupla_codificacao_2026_07.csv (vendorado do v1; amostra estratificada m×flag de 470 itens, mínimo 12/estrato, seed 42; avaliador 2 = LLM cego ao gabarito, 2026-07-06) + data/inputs/dupla_codificacao_dirigida_2026_07.csv (R6: 46 itens do top-50% da despesa da base de π^p ausentes da amostra original, recodificados às cegas pelo mesmo protocolo, 2026-07-13) × data/inputs/matriz_pof_ibs_v5.csv; data/processed/pof_despesa_item_uf.parquet"
7908401,QUEIJO GOUDA,0.4,1.0,B,A,Regime geral: queijo Gouda (maturado) não consta do rol taxativo do Anexo I item 21,m_diverge,original,41771736.82503854,1.6137778697610192e-05,"despesa_anual_rs = Σ_uf despesa POF do item; share_da_base = despesa do item ÷ denominador nacional de π^p (em campo, ex-combustíveis, matriz central)","data/inputs/dupla_codificacao_2026_07.csv (vendorado do v1; amostra estratificada m×flag de 470 itens, mínimo 12/estrato, seed 42; avaliador 2 = LLM cego ao gabarito, 2026-07-06) + data/inputs/dupla_codificacao_dirigida_2026_07.csv (R6: 46 itens do top-50% da despesa da base de π^p ausentes da amostra original, recodificados às cegas pelo mesmo protocolo, 2026-07-13) × data/inputs/matriz_pof_ibs_v5.csv; data/processed/pof_despesa_item_uf.parquet"
7701406,YAKISSOBA (SOPA DE LEGUMES DESIDRATADA),0.4,1.0,A,A,"Regime geral: sopa de legumes desidratada (yakissoba) é preparação alimentícia, fora dos róis reduzidos",m_diverge,original,35105505.39170683,1.3562396973150124e-05,"despesa_anual_rs = Σ_uf despesa POF do item; share_da_base = despesa do item ÷ denominador nacional de π^p (em campo, ex-combustíveis, matriz central)","data/inputs/dupla_codificacao_2026_07.csv (vendorado do v1; amostra estratificada m×flag de 470 itens, mínimo 12/estrato, seed 42; avaliador 2 = LLM cego ao gabarito, 2026-07-06) + data/inputs/dupla_codificacao_dirigida_2026_07.csv (R6: 46 itens do top-50% da despesa da base de π^p ausentes da amostra original, recodificados às cegas pelo mesmo protocolo, 2026-07-13) × data/inputs/matriz_pof_ibs_v5.csv; data/processed/pof_despesa_item_uf.parquet"
4905701,CURSO TECNICO DE CORTE E COSTURA,0.4,1.0,B,C,Curso livre de corte e costura nao consta rol fechado Anexo II; art. 129 p.u. I; regime geral,m_diverge,original,25728109.00348775,9.939604166935296e-06,"despesa_anual_rs = Σ_uf despesa POF do item; share_da_base = despesa do item ÷ denominador nacional de π^p (em campo, ex-combustíveis, matriz central)","data/inputs/dupla_codificacao_2026_07.csv (vendorado do v1; amostra estratificada m×flag de 470 itens, mínimo 12/estrato, seed 42; avaliador 2 = LLM cego ao gabarito, 2026-07-06) + data/inputs/dupla_codificacao_dirigida_2026_07.csv (R6: 46 itens do top-50% da despesa da base de π^p ausentes da amostra original, recodificados às cegas pelo mesmo protocolo, 2026-07-13) × data/inputs/matriz_pof_ibs_v5.csv; data/processed/pof_despesa_item_uf.parquet"
8506801,QUICHE PARA VIAGEM,1.0,0.6,A,B,Arts. 273-275 (alimentacao preparada; quiche 'para viagem'). Aproximacao food-service.,m_diverge,original,23716261.643626247,9.162362186243814e-06,"despesa_anual_rs = Σ_uf despesa POF do item; share_da_base = despesa do item ÷ denominador nacional de π^p (em campo, ex-combustíveis, matriz central)","data/inputs/dupla_codificacao_2026_07.csv (vendorado do v1; amostra estratificada m×flag de 470 itens, mínimo 12/estrato, seed 42; avaliador 2 = LLM cego ao gabarito, 2026-07-06) + data/inputs/dupla_codificacao_dirigida_2026_07.csv (R6: 46 itens do top-50% da despesa da base de π^p ausentes da amostra original, recodificados às cegas pelo mesmo protocolo, 2026-07-13) × data/inputs/matriz_pof_ibs_v5.csv; data/processed/pof_despesa_item_uf.parquet"
8010601,BOLO DE BANANA,0.4,1.0,A,A,Bolo de banana NCM 1905.90; fora dos róis de redução; regime geral art. 12.,m_diverge,original,19854150.96033311,7.670303386445435e-06,"despesa_anual_rs = Σ_uf despesa POF do item; share_da_base = despesa do item ÷ denominador nacional de π^p (em campo, ex-combustíveis, matriz central)","data/inputs/dupla_codificacao_2026_07.csv (vendorado do v1; amostra estratificada m×flag de 470 itens, mínimo 12/estrato, seed 42; avaliador 2 = LLM cego ao gabarito, 2026-07-06) + data/inputs/dupla_codificacao_dirigida_2026_07.csv (R6: 46 itens do top-50% da despesa da base de π^p ausentes da amostra original, recodificados às cegas pelo mesmo protocolo, 2026-07-13) × data/inputs/matriz_pof_ibs_v5.csv; data/processed/pof_despesa_item_uf.parquet"
4205501,MEIA ELASTICA PARA VARIZES,1.0,0.4,A,C,Meia elastica para varizes - dispositivo medico Anexo IV (nao mapeia NCM especifico); conservador reducao 60%,m_diverge,original,17183670.565752693,6.638610071787438e-06,"despesa_anual_rs = Σ_uf despesa POF do item; share_da_base = despesa do item ÷ denominador nacional de π^p (em campo, ex-combustíveis, matriz central)","data/inputs/dupla_codificacao_2026_07.csv (vendorado do v1; amostra estratificada m×flag de 470 itens, mínimo 12/estrato, seed 42; avaliador 2 = LLM cego ao gabarito, 2026-07-06) + data/inputs/dupla_codificacao_dirigida_2026_07.csv (R6: 46 itens do top-50% da despesa da base de π^p ausentes da amostra original, recodificados às cegas pelo mesmo protocolo, 2026-07-13) × data/inputs/matriz_pof_ibs_v5.csv; data/processed/pof_despesa_item_uf.parquet"
8000502,PAO SEVEN BOYS,0.0,1.0,A,C,Regime geral: 'Pão Seven Boys' (marca) não identifica tipo legal; não confirmado como pão francês nem pão de forma; conservador,m_diverge,original,16765381.711317563,6.4770115011360785e-06,"despesa_anual_rs = Σ_uf despesa POF do item; share_da_base = despesa do item ÷ denominador nacional de π^p (em campo, ex-combustíveis, matriz central)","data/inputs/dupla_codificacao_2026_07.csv (vendorado do v1; amostra estratificada m×flag de 470 itens, mínimo 12/estrato, seed 42; avaliador 2 = LLM cego ao gabarito, 2026-07-06) + data/inputs/dupla_codificacao_dirigida_2026_07.csv (R6: 46 itens do top-50% da despesa da base de π^p ausentes da amostra original, recodificados às cegas pelo mesmo protocolo, 2026-07-13) × data/inputs/matriz_pof_ibs_v5.csv; data/processed/pof_despesa_item_uf.parquet"
8501203,PIPOCA SALGADA PARA VIAGEM,0.4,0.6,B,B,Arts. 273-275 (alimentacao preparada por lanchonete; pipoca salgada 'para viagem'). Aproximacao food-service.,m_diverge,original,11214098.616900124,4.3323705339499915e-06,"despesa_anual_rs = Σ_uf despesa POF do item; share_da_base = despesa do item ÷ denominador nacional de π^p (em campo, ex-combustíveis, matriz central)","data/inputs/dupla_codificacao_2026_07.csv (vendorado do v1; amostra estratificada m×flag de 470 itens, mínimo 12/estrato, seed 42; avaliador 2 = LLM cego ao gabarito, 2026-07-06) + data/inputs/dupla_codificacao_dirigida_2026_07.csv (R6: 46 itens do top-50% da despesa da base de π^p ausentes da amostra original, recodificados às cegas pelo mesmo protocolo, 2026-07-13) × data/inputs/matriz_pof_ibs_v5.csv; data/processed/pof_despesa_item_uf.parquet"
7406401,PEIXE SALGADO PIRARUCU,0.0,1.0,A,B,"Regime geral art. 18 — peixe salgado é NCM 03.05, fora do rol do Anexo I (03.02/03.03/03.04) e do Anexo VII; sem redução legal",m_diverge,original,11079244.768589435,4.2802721122426495e-06,"despesa_anual_rs = Σ_uf despesa POF do item; share_da_base = despesa do item ÷ denominador nacional de π^p (em campo, ex-combustíveis, matriz central)","data/inputs/dupla_codificacao_2026_07.csv (vendorado do v1; amostra estratificada m×flag de 470 itens, mínimo 12/estrato, seed 42; avaliador 2 = LLM cego ao gabarito, 2026-07-06) + data/inputs/dupla_codificacao_dirigida_2026_07.csv (R6: 46 itens do top-50% da despesa da base de π^p ausentes da amostra original, recodificados às cegas pelo mesmo protocolo, 2026-07-13) × data/inputs/matriz_pof_ibs_v5.csv; data/processed/pof_despesa_item_uf.parquet"
7905103,MUSSARELA LIGHT,1.0,0.0,A,A,"Art. 125 + Anexo I, item 21 (queijo mozarela/mussarela, NCM 0406.10; light irrelevante)",m_diverge,original,10756729.470140826,4.1556739770308615e-06,"despesa_anual_rs = Σ_uf despesa POF do item; share_da_base = despesa do item ÷ denominador nacional de π^p (em campo, ex-combustíveis, matriz central)","data/inputs/dupla_codificacao_2026_07.csv (vendorado do v1; amostra estratificada m×flag de 470 itens, mínimo 12/estrato, seed 42; avaliador 2 = LLM cego ao gabarito, 2026-07-06) + data/inputs/dupla_codificacao_dirigida_2026_07.csv (R6: 46 itens do top-50% da despesa da base de π^p ausentes da amostra original, recodificados às cegas pelo mesmo protocolo, 2026-07-13) × data/inputs/matriz_pof_ibs_v5.csv; data/processed/pof_despesa_item_uf.parquet"
7803902,PATO VIVO,0.0,1.0,A,C,"Regime geral: pato vivo (animal vivo NCM 01.05, não carne 02.07 do Anexo I item 19); conservador",m_diverge,original,10376388.902732018,4.008736062232746e-06,"despesa_anual_rs = Σ_uf despesa POF do item; share_da_base = despesa do item ÷ denominador nacional de π^p (em campo, ex-combustíveis, matriz central)","data/inputs/dupla_codificacao_2026_07.csv (vendorado do v1; amostra estratificada m×flag de 470 itens, mínimo 12/estrato, seed 42; avaliador 2 = LLM cego ao gabarito, 2026-07-06) + data/inputs/dupla_codificacao_dirigida_2026_07.csv (R6: 46 itens do top-50% da despesa da base de π^p ausentes da amostra original, recodificados às cegas pelo mesmo protocolo, 2026-07-13) × data/inputs/matriz_pof_ibs_v5.csv; data/processed/pof_despesa_item_uf.parquet"
8505101,CANJICA PARA VIAGEM,1.0,0.6,A,B,Arts. 273-275 (alimentacao preparada; canjica 'para viagem'). Aproximacao food-service.,m_diverge,original,9752264.085903216,3.767616373677387e-06,"despesa_anual_rs = Σ_uf despesa POF do item; share_da_base = despesa do item ÷ denominador nacional de π^p (em campo, ex-combustíveis, matriz central)","data/inputs/dupla_codificacao_2026_07.csv (vendorado do v1; amostra estratificada m×flag de 470 itens, mínimo 12/estrato, seed 42; avaliador 2 = LLM cego ao gabarito, 2026-07-06) + data/inputs/dupla_codificacao_dirigida_2026_07.csv (R6: 46 itens do top-50% da despesa da base de π^p ausentes da amostra original, recodificados às cegas pelo mesmo protocolo, 2026-07-13) × data/inputs/matriz_pof_ibs_v5.csv; data/processed/pof_despesa_item_uf.parquet"
6503501,PURE DE BATATA EM CAIXA,1.0,0.4,A,C,"Purê de batata em caixa (batata pré-cozida/preparada, posição 20.05) — Anexo VII, item 16 (hortícolas pré-cozidos); redução 60%, flag C por conter aditivos e por NCM",m_diverge,original,7391228.1319615645,2.85547149731274e-06,"despesa_anual_rs = Σ_uf despesa POF do item; share_da_base = despesa do item ÷ denominador nacional de π^p (em campo, ex-combustíveis, matriz central)","data/inputs/dupla_codificacao_2026_07.csv (vendorado do v1; amostra estratificada m×flag de 470 itens, mínimo 12/estrato, seed 42; avaliador 2 = LLM cego ao gabarito, 2026-07-06) + data/inputs/dupla_codificacao_dirigida_2026_07.csv (R6: 46 itens do top-50% da despesa da base de π^p ausentes da amostra original, recodificados às cegas pelo mesmo protocolo, 2026-07-13) × data/inputs/matriz_pof_ibs_v5.csv; data/processed/pof_despesa_item_uf.parquet"
4202405,TRATAMENTO AMBULATORIAL,1.0,0.4,A,A,"Art. 130 + Anexo III itens 5/7 (atendimento de urgencia/clinica medica), reducao 60%",m_diverge,original,7140847.275288386,2.758741239913248e-06,"despesa_anual_rs = Σ_uf despesa POF do item; share_da_base = despesa do item ÷ denominador nacional de π^p (em campo, ex-combustíveis, matriz central)","data/inputs/dupla_codificacao_2026_07.csv (vendorado do v1; amostra estratificada m×flag de 470 itens, mínimo 12/estrato, seed 42; avaliador 2 = LLM cego ao gabarito, 2026-07-06) + data/inputs/dupla_codificacao_dirigida_2026_07.csv (R6: 46 itens do top-50% da despesa da base de π^p ausentes da amostra original, recodificados às cegas pelo mesmo protocolo, 2026-07-13) × data/inputs/matriz_pof_ibs_v5.csv; data/processed/pof_despesa_item_uf.parquet"
8101001,TOUCINHO DE PORCO DEFUMADO,1.0,0.0,A,A,"Toucinho de porco defumado = barriga suína salgada/defumada NCM 0210.1; Anexo I item 19 alínea 'b' (art. 125) -> m=0,00.",m_diverge,original,6580095.688766782,2.5421046886124843e-06,"despesa_anual_rs = Σ_uf despesa POF do item; share_da_base = despesa do item ÷ denominador nacional de π^p (em campo, ex-combustíveis, matriz central)","data/inputs/dupla_codificacao_2026_07.csv (vendorado do v1; amostra estratificada m×flag de 470 itens, mínimo 12/estrato, seed 42; avaliador 2 = LLM cego ao gabarito, 2026-07-06) + data/inputs/dupla_codificacao_dirigida_2026_07.csv (R6: 46 itens do top-50% da despesa da base de π^p ausentes da amostra original, recodificados às cegas pelo mesmo protocolo, 2026-07-13) × data/inputs/matriz_pof_ibs_v5.csv; data/processed/pof_despesa_item_uf.parquet"
8000132,PAO SEDA,0.0,1.0,A,A,Regime geral: pão seda (pão doce/macio) não é pão francês (Anexo I item 16) nem pão de forma (Anexo VII item 12),m_diverge,original,5399933.108548795,2.086169551739206e-06,"despesa_anual_rs = Σ_uf despesa POF do item; share_da_base = despesa do item ÷ denominador nacional de π^p (em campo, ex-combustíveis, matriz central)","data/inputs/dupla_codificacao_2026_07.csv (vendorado do v1; amostra estratificada m×flag de 470 itens, mínimo 12/estrato, seed 42; avaliador 2 = LLM cego ao gabarito, 2026-07-06) + data/inputs/dupla_codificacao_dirigida_2026_07.csv (R6: 46 itens do top-50% da despesa da base de π^p ausentes da amostra original, recodificados às cegas pelo mesmo protocolo, 2026-07-13) × data/inputs/matriz_pof_ibs_v5.csv; data/processed/pof_despesa_item_uf.parquet"
4101106,FERRY-BOAT,1.0,0.6,A,B,"Art. 284, II c/c art. 286 - ferry-boat (transporte hidroviario coletivo), reducao 40%",m_diverge,original,4735945.993640203,1.8296497626928322e-06,"despesa_anual_rs = Σ_uf despesa POF do item; share_da_base = despesa do item ÷ denominador nacional de π^p (em campo, ex-combustíveis, matriz central)","data/inputs/dupla_codificacao_2026_07.csv (vendorado do v1; amostra estratificada m×flag de 470 itens, mínimo 12/estrato, seed 42; avaliador 2 = LLM cego ao gabarito, 2026-07-06) + data/inputs/dupla_codificacao_dirigida_2026_07.csv (R6: 46 itens do top-50% da despesa da base de π^p ausentes da amostra original, recodificados às cegas pelo mesmo protocolo, 2026-07-13) × data/inputs/matriz_pof_ibs_v5.csv; data/processed/pof_despesa_item_uf.parquet"
4910601,CURSO PROFISSIONALIZANTE DE CUIDADOR,0.4,1.0,B,C,Curso profissionalizante de cuidador (curso livre) nao consta rol fechado Anexo II; art. 129 p.u. I; regime geral,m_diverge,original,4068129.9737182464,1.5716507432754865e-06,"despesa_anual_rs = Σ_uf despesa POF do item; share_da_base = despesa do item ÷ denominador nacional de π^p (em campo, ex-combustíveis, matriz central)","data/inputs/dupla_codificacao_2026_07.csv (vendorado do v1; amostra estratificada m×flag de 470 itens, mínimo 12/estrato, seed 42; avaliador 2 = LLM cego ao gabarito, 2026-07-06) + data/inputs/dupla_codificacao_dirigida_2026_07.csv (R6: 46 itens do top-50% da despesa da base de π^p ausentes da amostra original, recodificados às cegas pelo mesmo protocolo, 2026-07-13) × data/inputs/matriz_pof_ibs_v5.csv; data/processed/pof_despesa_item_uf.parquet"
6501003,SEMOLINA DE TRIGO,1.0,0.4,A,C,"Semolina de trigo — não está no rol fechado do Anexo I (só farinha de trigo, item 13); grumos/sêmolas de cereais do Anexo VII, item 5 (1103.11/1103.19); redução 60%, flag C por NCM",m_diverge,original,3560186.427301296,1.3754156530926287e-06,"despesa_anual_rs = Σ_uf despesa POF do item; share_da_base = despesa do item ÷ denominador nacional de π^p (em campo, ex-combustíveis, matriz central)","data/inputs/dupla_codificacao_2026_07.csv (vendorado do v1; amostra estratificada m×flag de 470 itens, mínimo 12/estrato, seed 42; avaliador 2 = LLM cego ao gabarito, 2026-07-06) + data/inputs/dupla_codificacao_dirigida_2026_07.csv (R6: 46 itens do top-50% da despesa da base de π^p ausentes da amostra original, recodificados às cegas pelo mesmo protocolo, 2026-07-13) × data/inputs/matriz_pof_ibs_v5.csv; data/processed/pof_despesa_item_uf.parquet"
2300906,FERRY-BOAT,0.0,0.6,B,B,"Ferry-boat = transporte hidroviário de passageiros; ambíguo urbano (art. 285, 0%) vs intermunicipal (art. 286, 40%). Conservador m=0,60 flag B.",m_diverge,original,2673479.2502771136,1.0328518700176185e-06,"despesa_anual_rs = Σ_uf despesa POF do item; share_da_base = despesa do item ÷ denominador nacional de π^p (em campo, ex-combustíveis, matriz central)","data/inputs/dupla_codificacao_2026_07.csv (vendorado do v1; amostra estratificada m×flag de 470 itens, mínimo 12/estrato, seed 42; avaliador 2 = LLM cego ao gabarito, 2026-07-06) + data/inputs/dupla_codificacao_dirigida_2026_07.csv (R6: 46 itens do top-50% da despesa da base de π^p ausentes da amostra original, recodificados às cegas pelo mesmo protocolo, 2026-07-13) × data/inputs/matriz_pof_ibs_v5.csv; data/processed/pof_despesa_item_uf.parquet"
6905802,COELHINHO DA PASCOA DE CHOCOLATE,0.4,1.0,B,A,Regime geral art. 18: produto de chocolate (NCM 18.06) fora de rol reduzido,m_diverge,original,2655298.7761274367,1.025828162344797e-06,"despesa_anual_rs = Σ_uf despesa POF do item; share_da_base = despesa do item ÷ denominador nacional de π^p (em campo, ex-combustíveis, matriz central)","data/inputs/dupla_codificacao_2026_07.csv (vendorado do v1; amostra estratificada m×flag de 470 itens, mínimo 12/estrato, seed 42; avaliador 2 = LLM cego ao gabarito, 2026-07-06) + data/inputs/dupla_codificacao_dirigida_2026_07.csv (R6: 46 itens do top-50% da despesa da base de π^p ausentes da amostra original, recodificados às cegas pelo mesmo protocolo, 2026-07-13) × data/inputs/matriz_pof_ibs_v5.csv; data/processed/pof_despesa_item_uf.parquet"
7907001,LEITE EM PO COM SABOR,0.0,1.0,A,C,Regime geral: leite em pó com sabor (aromatizado); extrapola leite em pó puro NCM 0402 do Anexo I item 3; enquadramento incerto,m_diverge,original,2616626.98514399,1.0108879934132283e-06,"despesa_anual_rs = Σ_uf despesa POF do item; share_da_base = despesa do item ÷ denominador nacional de π^p (em campo, ex-combustíveis, matriz central)","data/inputs/dupla_codificacao_2026_07.csv (vendorado do v1; amostra estratificada m×flag de 470 itens, mínimo 12/estrato, seed 42; avaliador 2 = LLM cego ao gabarito, 2026-07-06) + data/inputs/dupla_codificacao_dirigida_2026_07.csv (R6: 46 itens do top-50% da despesa da base de π^p ausentes da amostra original, recodificados às cegas pelo mesmo protocolo, 2026-07-13) × data/inputs/matriz_pof_ibs_v5.csv; data/processed/pof_despesa_item_uf.parquet"
7104601,FIGADO SUINO,1.0,0.0,A,A,"Art. 125 + Anexo I item 19 b (figado suino - miudeza, NCM 0206.30.00/0206.4)",m_diverge,original,2569205.4768407457,9.925675244868338e-07,"despesa_anual_rs = Σ_uf despesa POF do item; share_da_base = despesa do item ÷ denominador nacional de π^p (em campo, ex-combustíveis, matriz central)","data/inputs/dupla_codificacao_2026_07.csv (vendorado do v1; amostra estratificada m×flag de 470 itens, mínimo 12/estrato, seed 42; avaliador 2 = LLM cego ao gabarito, 2026-07-06) + data/inputs/dupla_codificacao_dirigida_2026_07.csv (R6: 46 itens do top-50% da despesa da base de π^p ausentes da amostra original, recodificados às cegas pelo mesmo protocolo, 2026-07-13) × data/inputs/matriz_pof_ibs_v5.csv; data/processed/pof_despesa_item_uf.parquet"
8003408,PREPARO PARA BOLO,0.4,1.0,B,A,Regime geral: preparo para bolo (mistura) não é a pré-mistura de pão francês do Anexo I item 16 nem outro rol reduzido,m_diverge,original,2360209.981601758,9.118257764218462e-07,"despesa_anual_rs = Σ_uf despesa POF do item; share_da_base = despesa do item ÷ denominador nacional de π^p (em campo, ex-combustíveis, matriz central)","data/inputs/dupla_codificacao_2026_07.csv (vendorado do v1; amostra estratificada m×flag de 470 itens, mínimo 12/estrato, seed 42; avaliador 2 = LLM cego ao gabarito, 2026-07-06) + data/inputs/dupla_codificacao_dirigida_2026_07.csv (R6: 46 itens do top-50% da despesa da base de π^p ausentes da amostra original, recodificados às cegas pelo mesmo protocolo, 2026-07-13) × data/inputs/matriz_pof_ibs_v5.csv; data/processed/pof_despesa_item_uf.parquet"
6904204,LEITE GELEIFICADO,0.0,1.0,A,A,Regime geral art. 18: leite geleificado (sobremesa preparada) fora de rol reduzido,m_diverge,original,2253316.720777221,8.70529437831053e-07,"despesa_anual_rs = Σ_uf despesa POF do item; share_da_base = despesa do item ÷ denominador nacional de π^p (em campo, ex-combustíveis, matriz central)","data/inputs/dupla_codificacao_2026_07.csv (vendorado do v1; amostra estratificada m×flag de 470 itens, mínimo 12/estrato, seed 42; avaliador 2 = LLM cego ao gabarito, 2026-07-06) + data/inputs/dupla_codificacao_dirigida_2026_07.csv (R6: 46 itens do top-50% da despesa da base de π^p ausentes da amostra original, recodificados às cegas pelo mesmo protocolo, 2026-07-13) × data/inputs/matriz_pof_ibs_v5.csv; data/processed/pof_despesa_item_uf.parquet"
8106901,BOLINHA DE QUEIJO SEMIPRONTA,0.4,1.0,B,C,Bolinha de queijo semipronta = preparação alimentícia NCM 2106/1902; fora dos róis; regime geral art. 12; descritor genérico.,m_diverge,original,2087116.6092323978,8.063209364976633e-07,"despesa_anual_rs = Σ_uf despesa POF do item; share_da_base = despesa do item ÷ denominador nacional de π^p (em campo, ex-combustíveis, matriz central)","data/inputs/dupla_codificacao_2026_07.csv (vendorado do v1; amostra estratificada m×flag de 470 itens, mínimo 12/estrato, seed 42; avaliador 2 = LLM cego ao gabarito, 2026-07-06) + data/inputs/dupla_codificacao_dirigida_2026_07.csv (R6: 46 itens do top-50% da despesa da base de π^p ausentes da amostra original, recodificados às cegas pelo mesmo protocolo, 2026-07-13) × data/inputs/matriz_pof_ibs_v5.csv; data/processed/pof_despesa_item_uf.parquet"
7701101,LEGUME NAO-ESPECIFICADO EM CONSERVA,0.4,1.0,B,C,Regime geral: legume em conserva não-especificado; conservas excluídas do Anexo XV e do Anexo VII (excetua 07.11); rubrica genérica indecidível,m_diverge,original,2086519.510710466,8.060902579446512e-07,"despesa_anual_rs = Σ_uf despesa POF do item; share_da_base = despesa do item ÷ denominador nacional de π^p (em campo, ex-combustíveis, matriz central)","data/inputs/dupla_codificacao_2026_07.csv (vendorado do v1; amostra estratificada m×flag de 470 itens, mínimo 12/estrato, seed 42; avaliador 2 = LLM cego ao gabarito, 2026-07-06) + data/inputs/dupla_codificacao_dirigida_2026_07.csv (R6: 46 itens do top-50% da despesa da base de π^p ausentes da amostra original, recodificados às cegas pelo mesmo protocolo, 2026-07-13) × data/inputs/matriz_pof_ibs_v5.csv; data/processed/pof_despesa_item_uf.parquet"
8509601,BATATA PALHA LIGHT PARA VIAGEM,1.0,0.6,A,B,"Arts. 273-275 (alimentacao 'para viagem'; batata palha industrializada, mas rubrica food-service). Aproximacao food-service.",m_diverge,original,1953053.1461011686,7.54527866257161e-07,"despesa_anual_rs = Σ_uf despesa POF do item; share_da_base = despesa do item ÷ denominador nacional de π^p (em campo, ex-combustíveis, matriz central)","data/inputs/dupla_codificacao_2026_07.csv (vendorado do v1; amostra estratificada m×flag de 470 itens, mínimo 12/estrato, seed 42; avaliador 2 = LLM cego ao gabarito, 2026-07-06) + data/inputs/dupla_codificacao_dirigida_2026_07.csv (R6: 46 itens do top-50% da despesa da base de π^p ausentes da amostra original, recodificados às cegas pelo mesmo protocolo, 2026-07-13) × data/inputs/matriz_pof_ibs_v5.csv; data/processed/pof_despesa_item_uf.parquet"
7800204,GALINHA TEMPERADA CONGELADA,0.0,1.0,A,C,"Regime geral: galinha temperada congelada; temperada = preparação (NCM 16.02), extrapola aves frescas/congeladas 02.07 do Anexo I item 19; incerto",m_diverge,original,1900359.9800510572,7.341707847176782e-07,"despesa_anual_rs = Σ_uf despesa POF do item; share_da_base = despesa do item ÷ denominador nacional de π^p (em campo, ex-combustíveis, matriz central)","data/inputs/dupla_codificacao_2026_07.csv (vendorado do v1; amostra estratificada m×flag de 470 itens, mínimo 12/estrato, seed 42; avaliador 2 = LLM cego ao gabarito, 2026-07-06) + data/inputs/dupla_codificacao_dirigida_2026_07.csv (R6: 46 itens do top-50% da despesa da base de π^p ausentes da amostra original, recodificados às cegas pelo mesmo protocolo, 2026-07-13) × data/inputs/matriz_pof_ibs_v5.csv; data/processed/pof_despesa_item_uf.parquet"
8006511,PAO DIET (DE FORMA INDUSTRIALIZADO),1.0,0.4,A,A,"Pão de forma NCM 1905.90.10; Anexo VII item 12 (art. 135); redução de 60% -> m=0,40. 'Diet' não exclui.",m_diverge,original,1831616.5738017575,7.076129740712667e-07,"despesa_anual_rs = Σ_uf despesa POF do item; share_da_base = despesa do item ÷ denominador nacional de π^p (em campo, ex-combustíveis, matriz central)","data/inputs/dupla_codificacao_2026_07.csv (vendorado do v1; amostra estratificada m×flag de 470 itens, mínimo 12/estrato, seed 42; avaliador 2 = LLM cego ao gabarito, 2026-07-06) + data/inputs/dupla_codificacao_dirigida_2026_07.csv (R6: 46 itens do top-50% da despesa da base de π^p ausentes da amostra original, recodificados às cegas pelo mesmo protocolo, 2026-07-13) × data/inputs/matriz_pof_ibs_v5.csv; data/processed/pof_despesa_item_uf.parquet"
8102404,QUEIJO DE PORCO,0.4,1.0,B,B,"'Queijo de porco' = queijo de cabeça, preparação de carne suína NCM 1602; não é 0210; fora dos róis; regime geral art. 12.",m_diverge,original,1710649.729969227,6.608795532490898e-07,"despesa_anual_rs = Σ_uf despesa POF do item; share_da_base = despesa do item ÷ denominador nacional de π^p (em campo, ex-combustíveis, matriz central)","data/inputs/dupla_codificacao_2026_07.csv (vendorado do v1; amostra estratificada m×flag de 470 itens, mínimo 12/estrato, seed 42; avaliador 2 = LLM cego ao gabarito, 2026-07-06) + data/inputs/dupla_codificacao_dirigida_2026_07.csv (R6: 46 itens do top-50% da despesa da base de π^p ausentes da amostra original, recodificados às cegas pelo mesmo protocolo, 2026-07-13) × data/inputs/matriz_pof_ibs_v5.csv; data/processed/pof_despesa_item_uf.parquet"
7256501,PEIXE EM FILE CONGELADO ALBACORA,0.0,1.0,A,B,Regime geral art. 18 — albacora é atum (Thunnus); atuns EXCLUÍDOS do Anexo I (item 20) e ausentes do Anexo VII; sem redução legal,m_diverge,original,1341212.4600024072,5.181539363961134e-07,"despesa_anual_rs = Σ_uf despesa POF do item; share_da_base = despesa do item ÷ denominador nacional de π^p (em campo, ex-combustíveis, matriz central)","data/inputs/dupla_codificacao_2026_07.csv (vendorado do v1; amostra estratificada m×flag de 470 itens, mínimo 12/estrato, seed 42; avaliador 2 = LLM cego ao gabarito, 2026-07-06) + data/inputs/dupla_codificacao_dirigida_2026_07.csv (R6: 46 itens do top-50% da despesa da base de π^p ausentes da amostra original, recodificados às cegas pelo mesmo protocolo, 2026-07-13) × data/inputs/matriz_pof_ibs_v5.csv; data/processed/pof_despesa_item_uf.parquet"
7007002,MOLHO PARA PIZZA,0.4,1.0,B,A,Regime geral art. 18: molho preparado (NCM 2103) fora de rol reduzido,m_diverge,original,1261664.559113192,4.874219985361559e-07,"despesa_anual_rs = Σ_uf despesa POF do item; share_da_base = despesa do item ÷ denominador nacional de π^p (em campo, ex-combustíveis, matriz central)","data/inputs/dupla_codificacao_2026_07.csv (vendorado do v1; amostra estratificada m×flag de 470 itens, mínimo 12/estrato, seed 42; avaliador 2 = LLM cego ao gabarito, 2026-07-06) + data/inputs/dupla_codificacao_dirigida_2026_07.csv (R6: 46 itens do top-50% da despesa da base de π^p ausentes da amostra original, recodificados às cegas pelo mesmo protocolo, 2026-07-13) × data/inputs/matriz_pof_ibs_v5.csv; data/processed/pof_despesa_item_uf.parquet"
2412701,CASTANHA DE PEQUI,0.6,0.4,A,B,"Castanha de pequi = fruta de casca rija regional / fruto oleaginoso (Anexo VII, cap. 12 ou item 'fruta de casca rija regional...apenas torrados sem sal'), art. 135 redução 60% → m=0,40 flag B (cesta básica exclui castanhas; enquadra no Anexo VII).",m_diverge,original,1211537.0105301528,4.680560983564465e-07,"despesa_anual_rs = Σ_uf despesa POF do item; share_da_base = despesa do item ÷ denominador nacional de π^p (em campo, ex-combustíveis, matriz central)","data/inputs/dupla_codificacao_2026_07.csv (vendorado do v1; amostra estratificada m×flag de 470 itens, mínimo 12/estrato, seed 42; avaliador 2 = LLM cego ao gabarito, 2026-07-06) + data/inputs/dupla_codificacao_dirigida_2026_07.csv (R6: 46 itens do top-50% da despesa da base de π^p ausentes da amostra original, recodificados às cegas pelo mesmo protocolo, 2026-07-13) × data/inputs/matriz_pof_ibs_v5.csv; data/processed/pof_despesa_item_uf.parquet"
8500317,SANDUICHE DE PRESUNTO PARA VIAGEM,0.4,0.6,B,B,Arts. 273-275 (fornecimento de alimentacao por bares/restaurantes/lanchonetes; sanduiche preparado 'para viagem'). Aproximacao da rubrica food-service.,m_diverge,original,790726.2887934332,3.054832484552612e-07,"despesa_anual_rs = Σ_uf despesa POF do item; share_da_base = despesa do item ÷ denominador nacional de π^p (em campo, ex-combustíveis, matriz central)","data/inputs/dupla_codificacao_2026_07.csv (vendorado do v1; amostra estratificada m×flag de 470 itens, mínimo 12/estrato, seed 42; avaliador 2 = LLM cego ao gabarito, 2026-07-06) + data/inputs/dupla_codificacao_dirigida_2026_07.csv (R6: 46 itens do top-50% da despesa da base de π^p ausentes da amostra original, recodificados às cegas pelo mesmo protocolo, 2026-07-13) × data/inputs/matriz_pof_ibs_v5.csv; data/processed/pof_despesa_item_uf.parquet"
2300909,CATRAIA,1.0,0.6,A,B,"Catraia (pequena travessia aquática) = hidroviário de passageiros; possivelmente urbano (art. 285, 0%) mas rubrica não fixa itinerário/preço público → conservador m=0,60 flag B.",m_diverge,original,762022.4218122672,2.943940123277837e-07,"despesa_anual_rs = Σ_uf despesa POF do item; share_da_base = despesa do item ÷ denominador nacional de π^p (em campo, ex-combustíveis, matriz central)","data/inputs/dupla_codificacao_2026_07.csv (vendorado do v1; amostra estratificada m×flag de 470 itens, mínimo 12/estrato, seed 42; avaliador 2 = LLM cego ao gabarito, 2026-07-06) + data/inputs/dupla_codificacao_dirigida_2026_07.csv (R6: 46 itens do top-50% da despesa da base de π^p ausentes da amostra original, recodificados às cegas pelo mesmo protocolo, 2026-07-13) × data/inputs/matriz_pof_ibs_v5.csv; data/processed/pof_despesa_item_uf.parquet"
8505501,ARRUMADINHO PARA VIAGEM,1.0,0.6,A,B,Arts. 273-275 (prato preparado por bar/restaurante; arrumadinho 'para viagem'). Aproximacao food-service.,m_diverge,original,677744.8380590576,2.618348443555444e-07,"despesa_anual_rs = Σ_uf despesa POF do item; share_da_base = despesa do item ÷ denominador nacional de π^p (em campo, ex-combustíveis, matriz central)","data/inputs/dupla_codificacao_2026_07.csv (vendorado do v1; amostra estratificada m×flag de 470 itens, mínimo 12/estrato, seed 42; avaliador 2 = LLM cego ao gabarito, 2026-07-06) + data/inputs/dupla_codificacao_dirigida_2026_07.csv (R6: 46 itens do top-50% da despesa da base de π^p ausentes da amostra original, recodificados às cegas pelo mesmo protocolo, 2026-07-13) × data/inputs/matriz_pof_ibs_v5.csv; data/processed/pof_despesa_item_uf.parquet"
2405301,YAKULT,0.6,0.4,A,B,"Yakult = leite fermentado (Anexo VII, códigos 0403 – 'leite fermentado, bebidas e compostos lácteos'), art. 135 redução 60% → m=0,40 flag B.",m_diverge,original,609348.3570595825,2.3541106220140578e-07,"despesa_anual_rs = Σ_uf despesa POF do item; share_da_base = despesa do item ÷ denominador nacional de π^p (em campo, ex-combustíveis, matriz central)","data/inputs/dupla_codificacao_2026_07.csv (vendorado do v1; amostra estratificada m×flag de 470 itens, mínimo 12/estrato, seed 42; avaliador 2 = LLM cego ao gabarito, 2026-07-06) + data/inputs/dupla_codificacao_dirigida_2026_07.csv (R6: 46 itens do top-50% da despesa da base de π^p ausentes da amostra original, recodificados às cegas pelo mesmo protocolo, 2026-07-13) × data/inputs/matriz_pof_ibs_v5.csv; data/processed/pof_despesa_item_uf.parquet"
1203601,ARRENDAMENTO,0.3,0.4,A,B,"Art. 252, III c/c 261, p.u. — arrendamento de imóvel red. 70%",m_diverge,original,535537.0341312911,2.0689535073401437e-07,"despesa_anual_rs = Σ_uf despesa POF do item; share_da_base = despesa do item ÷ denominador nacional de π^p (em campo, ex-combustíveis, matriz central)","data/inputs/dupla_codificacao_2026_07.csv (vendorado do v1; amostra estratificada m×flag de 470 itens, mínimo 12/estrato, seed 42; avaliador 2 = LLM cego ao gabarito, 2026-07-06) + data/inputs/dupla_codificacao_dirigida_2026_07.csv (R6: 46 itens do top-50% da despesa da base de π^p ausentes da amostra original, recodificados às cegas pelo mesmo protocolo, 2026-07-13) × data/inputs/matriz_pof_ibs_v5.csv; data/processed/pof_despesa_item_uf.parquet"
8001105,PAO BROTE,0.0,1.0,A,A,Regime geral: pão brote (pão tipo alemão) não é pão francês nem pão de forma dos róis reduzidos,m_diverge,original,395674.8166927244,1.5286203335881461e-07,"despesa_anual_rs = Σ_uf despesa POF do item; share_da_base = despesa do item ÷ denominador nacional de π^p (em campo, ex-combustíveis, matriz central)","data/inputs/dupla_codificacao_2026_07.csv (vendorado do v1; amostra estratificada m×flag de 470 itens, mínimo 12/estrato, seed 42; avaliador 2 = LLM cego ao gabarito, 2026-07-06) + data/inputs/dupla_codificacao_dirigida_2026_07.csv (R6: 46 itens do top-50% da despesa da base de π^p ausentes da amostra original, recodificados às cegas pelo mesmo protocolo, 2026-07-13) × data/inputs/matriz_pof_ibs_v5.csv; data/processed/pof_despesa_item_uf.parquet"
8102002,MIUDO DE PORCO SALGADO,1.0,0.0,A,B,"Miudo de porco salgado = miudezas suínas salgadas NCM 0209.90.00/0210.99.1; Anexo I item 19 alínea 'd' (art. 125) -> m=0,00; enquadramento por subposição.",m_diverge,original,363006.69250859,1.4024127591322993e-07,"despesa_anual_rs = Σ_uf despesa POF do item; share_da_base = despesa do item ÷ denominador nacional de π^p (em campo, ex-combustíveis, matriz central)","data/inputs/dupla_codificacao_2026_07.csv (vendorado do v1; amostra estratificada m×flag de 470 itens, mínimo 12/estrato, seed 42; avaliador 2 = LLM cego ao gabarito, 2026-07-06) + data/inputs/dupla_codificacao_dirigida_2026_07.csv (R6: 46 itens do top-50% da despesa da base de π^p ausentes da amostra original, recodificados às cegas pelo mesmo protocolo, 2026-07-13) × data/inputs/matriz_pof_ibs_v5.csv; data/processed/pof_despesa_item_uf.parquet"
8500410,SUCO DE LARANJA E CENOURA PARA VIAGEM,0.4,0.6,A,B,"Arts. 273-275 c/c art. 273 §1 (bebida nao alcoolica preparada no estabelecimento, 'para viagem'). Aproximacao food-service.",m_diverge,original,335908.7880715008,1.2977247527881123e-07,"despesa_anual_rs = Σ_uf despesa POF do item; share_da_base = despesa do item ÷ denominador nacional de π^p (em campo, ex-combustíveis, matriz central)","data/inputs/dupla_codificacao_2026_07.csv (vendorado do v1; amostra estratificada m×flag de 470 itens, mínimo 12/estrato, seed 42; avaliador 2 = LLM cego ao gabarito, 2026-07-06) + data/inputs/dupla_codificacao_dirigida_2026_07.csv (R6: 46 itens do top-50% da despesa da base de π^p ausentes da amostra original, recodificados às cegas pelo mesmo protocolo, 2026-07-13) × data/inputs/matriz_pof_ibs_v5.csv; data/processed/pof_despesa_item_uf.parquet"
6906424,POLPA DE LIMAO,1.0,0.4,A,C,Art. 135 + Anexo VII item 11 (polpa de limao pos. 20.08 sem acucar/conservantes; residual incerto),m_diverge,original,43635.61908752801,1.6857856955223518e-08,"despesa_anual_rs = Σ_uf despesa POF do item; share_da_base = despesa do item ÷ denominador nacional de π^p (em campo, ex-combustíveis, matriz central)","data/inputs/dupla_codificacao_2026_07.csv (vendorado do v1; amostra estratificada m×flag de 470 itens, mínimo 12/estrato, seed 42; avaliador 2 = LLM cego ao gabarito, 2026-07-06) + data/inputs/dupla_codificacao_dirigida_2026_07.csv (R6: 46 itens do top-50% da despesa da base de π^p ausentes da amostra original, recodificados às cegas pelo mesmo protocolo, 2026-07-13) × data/inputs/matriz_pof_ibs_v5.csv; data/processed/pof_despesa_item_uf.parquet"
1000901,"ADICIONAIS DE ALUGUEL DE GARAGEM (JUROS, MULTA, ETC.)",0.3,0.4,B,B,"Art. 261, p.u. — acessórios da locação de garagem seguem a locação",m_diverge,original,0.0,0.0,"despesa_anual_rs = Σ_uf despesa POF do item; share_da_base = despesa do item ÷ denominador nacional de π^p (em campo, ex-combustíveis, matriz central)","data/inputs/dupla_codificacao_2026_07.csv (vendorado do v1; amostra estratificada m×flag de 470 itens, mínimo 12/estrato, seed 42; avaliador 2 = LLM cego ao gabarito, 2026-07-06) + data/inputs/dupla_codificacao_dirigida_2026_07.csv (R6: 46 itens do top-50% da despesa da base de π^p ausentes da amostra original, recodificados às cegas pelo mesmo protocolo, 2026-07-13) × data/inputs/matriz_pof_ibs_v5.csv; data/processed/pof_despesa_item_uf.parquet"
2300907,AEROBARCO,0.0,0.6,B,B,"Aerobarco = transporte hidroviário de passageiros (art. 284, II/III); ambíguo urbano/intermunicipal → conservador m=0,60 flag B.",m_diverge,original,0.0,0.0,"despesa_anual_rs = Σ_uf despesa POF do item; share_da_base = despesa do item ÷ denominador nacional de π^p (em campo, ex-combustíveis, matriz central)","data/inputs/dupla_codificacao_2026_07.csv (vendorado do v1; amostra estratificada m×flag de 470 itens, mínimo 12/estrato, seed 42; avaliador 2 = LLM cego ao gabarito, 2026-07-06) + data/inputs/dupla_codificacao_dirigida_2026_07.csv (R6: 46 itens do top-50% da despesa da base de π^p ausentes da amostra original, recodificados às cegas pelo mesmo protocolo, 2026-07-13) × data/inputs/matriz_pof_ibs_v5.csv; data/processed/pof_despesa_item_uf.parquet"
2300908,CATAMARA,0.0,0.6,B,B,"Catamarã = transporte hidroviário de passageiros; regime específico (art. 284-286); ambíguo → conservador m=0,60 flag B.",m_diverge,original,0.0,0.0,"despesa_anual_rs = Σ_uf despesa POF do item; share_da_base = despesa do item ÷ denominador nacional de π^p (em campo, ex-combustíveis, matriz central)","data/inputs/dupla_codificacao_2026_07.csv (vendorado do v1; amostra estratificada m×flag de 470 itens, mínimo 12/estrato, seed 42; avaliador 2 = LLM cego ao gabarito, 2026-07-06) + data/inputs/dupla_codificacao_dirigida_2026_07.csv (R6: 46 itens do top-50% da despesa da base de π^p ausentes da amostra original, recodificados às cegas pelo mesmo protocolo, 2026-07-13) × data/inputs/matriz_pof_ibs_v5.csv; data/processed/pof_despesa_item_uf.parquet"
2408302,BOLACHA SALGADA LIGHT,0.6,1.0,A,B,"Bolacha salgada light = produto industrializado embalado; não consta cesta básica (Anexo I) nem Anexo VII; regime geral m=1,00 flag B.",m_diverge,original,0.0,0.0,"despesa_anual_rs = Σ_uf despesa POF do item; share_da_base = despesa do item ÷ denominador nacional de π^p (em campo, ex-combustíveis, matriz central)","data/inputs/dupla_codificacao_2026_07.csv (vendorado do v1; amostra estratificada m×flag de 470 itens, mínimo 12/estrato, seed 42; avaliador 2 = LLM cego ao gabarito, 2026-07-06) + data/inputs/dupla_codificacao_dirigida_2026_07.csv (R6: 46 itens do top-50% da despesa da base de π^p ausentes da amostra original, recodificados às cegas pelo mesmo protocolo, 2026-07-13) × data/inputs/matriz_pof_ibs_v5.csv; data/processed/pof_despesa_item_uf.parquet"
2409506,MARIA MOLE DIET,0.6,1.0,A,B,"Maria mole diet = doce de confeitaria industrializado; fora dos róis (Anexo I/VII); regime geral m=1,00 flag B.",m_diverge,original,0.0,0.0,"despesa_anual_rs = Σ_uf despesa POF do item; share_da_base = despesa do item ÷ denominador nacional de π^p (em campo, ex-combustíveis, matriz central)","data/inputs/dupla_codificacao_2026_07.csv (vendorado do v1; amostra estratificada m×flag de 470 itens, mínimo 12/estrato, seed 42; avaliador 2 = LLM cego ao gabarito, 2026-07-06) + data/inputs/dupla_codificacao_dirigida_2026_07.csv (R6: 46 itens do top-50% da despesa da base de π^p ausentes da amostra original, recodificados às cegas pelo mesmo protocolo, 2026-07-13) × data/inputs/matriz_pof_ibs_v5.csv; data/processed/pof_despesa_item_uf.parquet"
2600902,DOC (TRANSFERENCIA INTERBANCARIA),1.0,1.0,A,F,"DOC (transferência interbancária) = movimentação do próprio numerário/registro de transferência, não é fornecimento oneroso de bem ou serviço consumido; fora do campo (art. 4º c/c art. 6º). m=1,00 por convenção.",campo_diverge,original,0.0,0.0,"despesa_anual_rs = Σ_uf despesa POF do item; share_da_base = despesa do item ÷ denominador nacional de π^p (em campo, ex-combustíveis, matriz central)","data/inputs/dupla_codificacao_2026_07.csv (vendorado do v1; amostra estratificada m×flag de 470 itens, mínimo 12/estrato, seed 42; avaliador 2 = LLM cego ao gabarito, 2026-07-06) + data/inputs/dupla_codificacao_dirigida_2026_07.csv (R6: 46 itens do top-50% da despesa da base de π^p ausentes da amostra original, recodificados às cegas pelo mesmo protocolo, 2026-07-13) × data/inputs/matriz_pof_ibs_v5.csv; data/processed/pof_despesa_item_uf.parquet"
4207403,CURIOSO,1.0,0.4,A,C,Rubrica POF indefinida ('CURIOSO') no grupo assistencia a saude; conservador tier saude reducao 60%,m_diverge,original,0.0,0.0,"despesa_anual_rs = Σ_uf despesa POF do item; share_da_base = despesa do item ÷ denominador nacional de π^p (em campo, ex-combustíveis, matriz central)","data/inputs/dupla_codificacao_2026_07.csv (vendorado do v1; amostra estratificada m×flag de 470 itens, mínimo 12/estrato, seed 42; avaliador 2 = LLM cego ao gabarito, 2026-07-06) + data/inputs/dupla_codificacao_dirigida_2026_07.csv (R6: 46 itens do top-50% da despesa da base de π^p ausentes da amostra original, recodificados às cegas pelo mesmo protocolo, 2026-07-13) × data/inputs/matriz_pof_ibs_v5.csv; data/processed/pof_despesa_item_uf.parquet"
4502001,FESTA JUNINA (INGRESSO),1.0,0.4,A,C,"Festa junina (ingresso) - evento folclorico art. 139 III + Anexo X (rol fechado NCM/NBS, enquadramento incerto); conservador reducao 60%",m_diverge,original,0.0,0.0,"despesa_anual_rs = Σ_uf despesa POF do item; share_da_base = despesa do item ÷ denominador nacional de π^p (em campo, ex-combustíveis, matriz central)","data/inputs/dupla_codificacao_2026_07.csv (vendorado do v1; amostra estratificada m×flag de 470 itens, mínimo 12/estrato, seed 42; avaliador 2 = LLM cego ao gabarito, 2026-07-06) + data/inputs/dupla_codificacao_dirigida_2026_07.csv (R6: 46 itens do top-50% da despesa da base de π^p ausentes da amostra original, recodificados às cegas pelo mesmo protocolo, 2026-07-13) × data/inputs/matriz_pof_ibs_v5.csv; data/processed/pof_despesa_item_uf.parquet"
4802601,PECULIO DOMICILIAR,1.0,1.0,F,B,"Peculio domiciliar - produto de seguro/previdencia (capitalizacao/mutual), regime especifico financeiro arts. 181-183",campo_diverge,original,0.0,0.0,"despesa_anual_rs = Σ_uf despesa POF do item; share_da_base = despesa do item ÷ denominador nacional de π^p (em campo, ex-combustíveis, matriz central)","data/inputs/dupla_codificacao_2026_07.csv (vendorado do v1; amostra estratificada m×flag de 470 itens, mínimo 12/estrato, seed 42; avaliador 2 = LLM cego ao gabarito, 2026-07-06) + data/inputs/dupla_codificacao_dirigida_2026_07.csv (R6: 46 itens do top-50% da despesa da base de π^p ausentes da amostra original, recodificados às cegas pelo mesmo protocolo, 2026-07-13) × data/inputs/matriz_pof_ibs_v5.csv; data/processed/pof_despesa_item_uf.parquet"
5600401,"OUTROS DEPOSITOS E APLICACOES (TITULOS PUBLICOS, OURO, MOEDAS ESTRANGEIRAS, ETC.)",1.0,1.0,A,F,"Depósitos e aplicações (títulos públicos, ouro, moeda estrangeira) — aquisição de ativo financeiro, fora do campo (art. 4º c/c art. 6º)",campo_diverge,original,0.0,0.0,"despesa_anual_rs = Σ_uf despesa POF do item; share_da_base = despesa do item ÷ denominador nacional de π^p (em campo, ex-combustíveis, matriz central)","data/inputs/dupla_codificacao_2026_07.csv (vendorado do v1; amostra estratificada m×flag de 470 itens, mínimo 12/estrato, seed 42; avaliador 2 = LLM cego ao gabarito, 2026-07-06) + data/inputs/dupla_codificacao_dirigida_2026_07.csv (R6: 46 itens do top-50% da despesa da base de π^p ausentes da amostra original, recodificados às cegas pelo mesmo protocolo, 2026-07-13) × data/inputs/matriz_pof_ibs_v5.csv; data/processed/pof_despesa_item_uf.parquet"
6400608,MANIVA,1.0,0.0,A,A,"Maniva (folha de mandioca, hortícola in natura cap. 7) — art. 148 + Anexo XV, item 2; alíquota zero",m_diverge,original,0.0,0.0,"despesa_anual_rs = Σ_uf despesa POF do item; share_da_base = despesa do item ÷ denominador nacional de π^p (em campo, ex-combustíveis, matriz central)","data/inputs/dupla_codificacao_2026_07.csv (vendorado do v1; amostra estratificada m×flag de 470 itens, mínimo 12/estrato, seed 42; avaliador 2 = LLM cego ao gabarito, 2026-07-06) + data/inputs/dupla_codificacao_dirigida_2026_07.csv (R6: 46 itens do top-50% da despesa da base de π^p ausentes da amostra original, recodificados às cegas pelo mesmo protocolo, 2026-07-13) × data/inputs/matriz_pof_ibs_v5.csv; data/processed/pof_despesa_item_uf.parquet"
6401903,CENOURINHA ORGANICA,1.0,0.0,A,A,"Cenourinha (orgânica; raiz/tubérculo posição 07.06) — art. 148 + Anexo XV, item 2; alíquota zero",m_diverge,original,0.0,0.0,"despesa_anual_rs = Σ_uf despesa POF do item; share_da_base = despesa do item ÷ denominador nacional de π^p (em campo, ex-combustíveis, matriz central)","data/inputs/dupla_codificacao_2026_07.csv (vendorado do v1; amostra estratificada m×flag de 470 itens, mínimo 12/estrato, seed 42; avaliador 2 = LLM cego ao gabarito, 2026-07-06) + data/inputs/dupla_codificacao_dirigida_2026_07.csv (R6: 46 itens do top-50% da despesa da base de π^p ausentes da amostra original, recodificados às cegas pelo mesmo protocolo, 2026-07-13) × data/inputs/matriz_pof_ibs_v5.csv; data/processed/pof_despesa_item_uf.parquet"
6501506,GOMA DE CARIMA,1.0,0.4,A,C,"Goma de carimã (fécula de mandioca, NCM 1108.14) — não literal em rol fechado; nível conservador 0,40 flag C (sucedâneo de tapioca/amido)",m_diverge,original,0.0,0.0,"despesa_anual_rs = Σ_uf despesa POF do item; share_da_base = despesa do item ÷ denominador nacional de π^p (em campo, ex-combustíveis, matriz central)","data/inputs/dupla_codificacao_2026_07.csv (vendorado do v1; amostra estratificada m×flag de 470 itens, mínimo 12/estrato, seed 42; avaliador 2 = LLM cego ao gabarito, 2026-07-06) + data/inputs/dupla_codificacao_dirigida_2026_07.csv (R6: 46 itens do top-50% da despesa da base de π^p ausentes da amostra original, recodificados às cegas pelo mesmo protocolo, 2026-07-13) × data/inputs/matriz_pof_ibs_v5.csv; data/processed/pof_despesa_item_uf.parquet"
6600903,ARIRI,1.0,0.4,A,C,"Ariri (fruto de palmeira regional / oleaginosa cap. 12) — fruta de casca rija regional NÃO ressalvada no Anexo VII, item 14/15; redução 60%, flag C",m_diverge,original,0.0,0.0,"despesa_anual_rs = Σ_uf despesa POF do item; share_da_base = despesa do item ÷ denominador nacional de π^p (em campo, ex-combustíveis, matriz central)","data/inputs/dupla_codificacao_2026_07.csv (vendorado do v1; amostra estratificada m×flag de 470 itens, mínimo 12/estrato, seed 42; avaliador 2 = LLM cego ao gabarito, 2026-07-06) + data/inputs/dupla_codificacao_dirigida_2026_07.csv (R6: 46 itens do top-50% da despesa da base de π^p ausentes da amostra original, recodificados às cegas pelo mesmo protocolo, 2026-07-13) × data/inputs/matriz_pof_ibs_v5.csv; data/processed/pof_despesa_item_uf.parquet"
6601404,COCO DE QUARESMA,1.0,0.0,A,C,"Coco de quaresma (coco, subposição 0801.1) — art. 148 + Anexo XV, item 6; flag C por identificação da espécie regional no 0801.1",m_diverge,original,0.0,0.0,"despesa_anual_rs = Σ_uf despesa POF do item; share_da_base = despesa do item ÷ denominador nacional de π^p (em campo, ex-combustíveis, matriz central)","data/inputs/dupla_codificacao_2026_07.csv (vendorado do v1; amostra estratificada m×flag de 470 itens, mínimo 12/estrato, seed 42; avaliador 2 = LLM cego ao gabarito, 2026-07-06) + data/inputs/dupla_codificacao_dirigida_2026_07.csv (R6: 46 itens do top-50% da despesa da base de π^p ausentes da amostra original, recodificados às cegas pelo mesmo protocolo, 2026-07-13) × data/inputs/matriz_pof_ibs_v5.csv; data/processed/pof_despesa_item_uf.parquet"
6901802,SUITA,1.0,0.0,A,C,Art. 148 + Anexo XV item 3 (suita = fruta fresca regional cap. 8 NCM; residual incerto quanto a apresentacao),m_diverge,original,0.0,0.0,"despesa_anual_rs = Σ_uf despesa POF do item; share_da_base = despesa do item ÷ denominador nacional de π^p (em campo, ex-combustíveis, matriz central)","data/inputs/dupla_codificacao_2026_07.csv (vendorado do v1; amostra estratificada m×flag de 470 itens, mínimo 12/estrato, seed 42; avaliador 2 = LLM cego ao gabarito, 2026-07-06) + data/inputs/dupla_codificacao_dirigida_2026_07.csv (R6: 46 itens do top-50% da despesa da base de π^p ausentes da amostra original, recodificados às cegas pelo mesmo protocolo, 2026-07-13) × data/inputs/matriz_pof_ibs_v5.csv; data/processed/pof_despesa_item_uf.parquet"
6909808,CHICLE LIGHT,0.4,1.0,B,A,Regime geral art. 18: goma de mascar (NCM 1704) fora de rol reduzido,m_diverge,original,0.0,0.0,"despesa_anual_rs = Σ_uf despesa POF do item; share_da_base = despesa do item ÷ denominador nacional de π^p (em campo, ex-combustíveis, matriz central)","data/inputs/dupla_codificacao_2026_07.csv (vendorado do v1; amostra estratificada m×flag de 470 itens, mínimo 12/estrato, seed 42; avaliador 2 = LLM cego ao gabarito, 2026-07-06) + data/inputs/dupla_codificacao_dirigida_2026_07.csv (R6: 46 itens do top-50% da despesa da base de π^p ausentes da amostra original, recodificados às cegas pelo mesmo protocolo, 2026-07-13) × data/inputs/matriz_pof_ibs_v5.csv; data/processed/pof_despesa_item_uf.parquet"
6909904,CARAMELO (BALA) DIET,0.4,1.0,B,A,Regime geral art. 18: bala/caramelo (NCM 1704) fora de rol reduzido,m_diverge,original,0.0,0.0,"despesa_anual_rs = Σ_uf despesa POF do item; share_da_base = despesa do item ÷ denominador nacional de π^p (em campo, ex-combustíveis, matriz central)","data/inputs/dupla_codificacao_2026_07.csv (vendorado do v1; amostra estratificada m×flag de 470 itens, mínimo 12/estrato, seed 42; avaliador 2 = LLM cego ao gabarito, 2026-07-06) + data/inputs/dupla_codificacao_dirigida_2026_07.csv (R6: 46 itens do top-50% da despesa da base de π^p ausentes da amostra original, recodificados às cegas pelo mesmo protocolo, 2026-07-13) × data/inputs/matriz_pof_ibs_v5.csv; data/processed/pof_despesa_item_uf.parquet"
6910002,BARRA DE CHOCOLATE LIGHT,0.4,1.0,B,A,Regime geral art. 18: barra de chocolate (NCM 18.06) fora de rol reduzido,m_diverge,original,0.0,0.0,"despesa_anual_rs = Σ_uf despesa POF do item; share_da_base = despesa do item ÷ denominador nacional de π^p (em campo, ex-combustíveis, matriz central)","data/inputs/dupla_codificacao_2026_07.csv (vendorado do v1; amostra estratificada m×flag de 470 itens, mínimo 12/estrato, seed 42; avaliador 2 = LLM cego ao gabarito, 2026-07-06) + data/inputs/dupla_codificacao_dirigida_2026_07.csv (R6: 46 itens do top-50% da despesa da base de π^p ausentes da amostra original, recodificados às cegas pelo mesmo protocolo, 2026-07-13) × data/inputs/matriz_pof_ibs_v5.csv; data/processed/pof_despesa_item_uf.parquet"
6910906,PUDIM DE LARANJA DIET,0.4,1.0,A,A,Regime geral art. 18: pudim (sobremesa preparada) fora de rol reduzido,m_diverge,original,0.0,0.0,"despesa_anual_rs = Σ_uf despesa POF do item; share_da_base = despesa do item ÷ denominador nacional de π^p (em campo, ex-combustíveis, matriz central)","data/inputs/dupla_codificacao_2026_07.csv (vendorado do v1; amostra estratificada m×flag de 470 itens, mínimo 12/estrato, seed 42; avaliador 2 = LLM cego ao gabarito, 2026-07-06) + data/inputs/dupla_codificacao_dirigida_2026_07.csv (R6: 46 itens do top-50% da despesa da base de π^p ausentes da amostra original, recodificados às cegas pelo mesmo protocolo, 2026-07-13) × data/inputs/matriz_pof_ibs_v5.csv; data/processed/pof_despesa_item_uf.parquet"
7002104,ALFAVACA DE CHEIRO (TEMPERO INDUSTRIALIZADO),0.4,1.0,B,A,Regime geral art. 18: tempero industrializado (preparacao NCM 2103) fora de rol reduzido,m_diverge,original,0.0,0.0,"despesa_anual_rs = Σ_uf despesa POF do item; share_da_base = despesa do item ÷ denominador nacional de π^p (em campo, ex-combustíveis, matriz central)","data/inputs/dupla_codificacao_2026_07.csv (vendorado do v1; amostra estratificada m×flag de 470 itens, mínimo 12/estrato, seed 42; avaliador 2 = LLM cego ao gabarito, 2026-07-06) + data/inputs/dupla_codificacao_dirigida_2026_07.csv (R6: 46 itens do top-50% da despesa da base de π^p ausentes da amostra original, recodificados às cegas pelo mesmo protocolo, 2026-07-13) × data/inputs/matriz_pof_ibs_v5.csv; data/processed/pof_despesa_item_uf.parquet"
7002302,HORTELA ROMANA (TEMPERO INDUSTRIALIZADO),0.4,1.0,B,A,Regime geral art. 18: tempero industrializado (preparacao NCM 2103) fora de rol reduzido,m_diverge,original,0.0,0.0,"despesa_anual_rs = Σ_uf despesa POF do item; share_da_base = despesa do item ÷ denominador nacional de π^p (em campo, ex-combustíveis, matriz central)","data/inputs/dupla_codificacao_2026_07.csv (vendorado do v1; amostra estratificada m×flag de 470 itens, mínimo 12/estrato, seed 42; avaliador 2 = LLM cego ao gabarito, 2026-07-06) + data/inputs/dupla_codificacao_dirigida_2026_07.csv (R6: 46 itens do top-50% da despesa da base de π^p ausentes da amostra original, recodificados às cegas pelo mesmo protocolo, 2026-07-13) × data/inputs/matriz_pof_ibs_v5.csv; data/processed/pof_despesa_item_uf.parquet"
7104201,BOFE SUINO,1.0,0.0,A,A,"Art. 125 + Anexo I item 19 b (miudezas suinas - bofe/pulmao, NCM 0206.4)",m_diverge,original,0.0,0.0,"despesa_anual_rs = Σ_uf despesa POF do item; share_da_base = despesa do item ÷ denominador nacional de π^p (em campo, ex-combustíveis, matriz central)","data/inputs/dupla_codificacao_2026_07.csv (vendorado do v1; amostra estratificada m×flag de 470 itens, mínimo 12/estrato, seed 42; avaliador 2 = LLM cego ao gabarito, 2026-07-06) + data/inputs/dupla_codificacao_dirigida_2026_07.csv (R6: 46 itens do top-50% da despesa da base de π^p ausentes da amostra original, recodificados às cegas pelo mesmo protocolo, 2026-07-13) × data/inputs/matriz_pof_ibs_v5.csv; data/processed/pof_despesa_item_uf.parquet"
7108703,CABECA CAPRINA,1.0,0.0,A,A,"Art. 125 + Anexo I item 19 c (miudeza comestivel caprina - cabeca, NCM 0206.90.00)",m_diverge,original,0.0,0.0,"despesa_anual_rs = Σ_uf despesa POF do item; share_da_base = despesa do item ÷ denominador nacional de π^p (em campo, ex-combustíveis, matriz central)","data/inputs/dupla_codificacao_2026_07.csv (vendorado do v1; amostra estratificada m×flag de 470 itens, mínimo 12/estrato, seed 42; avaliador 2 = LLM cego ao gabarito, 2026-07-06) + data/inputs/dupla_codificacao_dirigida_2026_07.csv (R6: 46 itens do top-50% da despesa da base de π^p ausentes da amostra original, recodificados às cegas pelo mesmo protocolo, 2026-07-13) × data/inputs/matriz_pof_ibs_v5.csv; data/processed/pof_despesa_item_uf.parquet"
7110301,CORACAO DE CAPRINO,1.0,0.0,A,A,"Art. 125 c/c Anexo I, item 19 — miudezas comestíveis de caprinos (coração), NCM 0206.90.00; cesta básica nacional, alíquota zero",m_diverge,original,0.0,0.0,"despesa_anual_rs = Σ_uf despesa POF do item; share_da_base = despesa do item ÷ denominador nacional de π^p (em campo, ex-combustíveis, matriz central)","data/inputs/dupla_codificacao_2026_07.csv (vendorado do v1; amostra estratificada m×flag de 470 itens, mínimo 12/estrato, seed 42; avaliador 2 = LLM cego ao gabarito, 2026-07-06) + data/inputs/dupla_codificacao_dirigida_2026_07.csv (R6: 46 itens do top-50% da despesa da base de π^p ausentes da amostra original, recodificados às cegas pelo mesmo protocolo, 2026-07-13) × data/inputs/matriz_pof_ibs_v5.csv; data/processed/pof_despesa_item_uf.parquet"
7259401,PEIXE SALGADO SALMONETE,0.0,1.0,A,B,"Regime geral art. 18 — peixe salgado é NCM 03.05, fora do rol do Anexo I (03.02/03.03/03.04) e do Anexo VII; sem redução legal",m_diverge,original,0.0,0.0,"despesa_anual_rs = Σ_uf despesa POF do item; share_da_base = despesa do item ÷ denominador nacional de π^p (em campo, ex-combustíveis, matriz central)","data/inputs/dupla_codificacao_2026_07.csv (vendorado do v1; amostra estratificada m×flag de 470 itens, mínimo 12/estrato, seed 42; avaliador 2 = LLM cego ao gabarito, 2026-07-06) + data/inputs/dupla_codificacao_dirigida_2026_07.csv (R6: 46 itens do top-50% da despesa da base de π^p ausentes da amostra original, recodificados às cegas pelo mesmo protocolo, 2026-07-13) × data/inputs/matriz_pof_ibs_v5.csv; data/processed/pof_despesa_item_uf.parquet"
7261115,SIRI PATOLA,1.0,0.4,A,A,"Art. 135 c/c Anexo VII, item 1 — siri/caranguejo (crustáceo NCM 0306.1/0306.3, fora das exclusões); redução de 60%",m_diverge,original,0.0,0.0,"despesa_anual_rs = Σ_uf despesa POF do item; share_da_base = despesa do item ÷ denominador nacional de π^p (em campo, ex-combustíveis, matriz central)","data/inputs/dupla_codificacao_2026_07.csv (vendorado do v1; amostra estratificada m×flag de 470 itens, mínimo 12/estrato, seed 42; avaliador 2 = LLM cego ao gabarito, 2026-07-06) + data/inputs/dupla_codificacao_dirigida_2026_07.csv (R6: 46 itens do top-50% da despesa da base de π^p ausentes da amostra original, recodificados às cegas pelo mesmo protocolo, 2026-07-13) × data/inputs/matriz_pof_ibs_v5.csv; data/processed/pof_despesa_item_uf.parquet"
7403401,PEIXE SALGADO LAMBARI,0.0,1.0,A,B,"Regime geral art. 18 — peixe salgado é NCM 03.05, fora do rol do Anexo I (03.02/03.03/03.04) e do Anexo VII; sem redução legal",m_diverge,original,0.0,0.0,"despesa_anual_rs = Σ_uf despesa POF do item; share_da_base = despesa do item ÷ denominador nacional de π^p (em campo, ex-combustíveis, matriz central)","data/inputs/dupla_codificacao_2026_07.csv (vendorado do v1; amostra estratificada m×flag de 470 itens, mínimo 12/estrato, seed 42; avaliador 2 = LLM cego ao gabarito, 2026-07-06) + data/inputs/dupla_codificacao_dirigida_2026_07.csv (R6: 46 itens do top-50% da despesa da base de π^p ausentes da amostra original, recodificados às cegas pelo mesmo protocolo, 2026-07-13) × data/inputs/matriz_pof_ibs_v5.csv; data/processed/pof_despesa_item_uf.parquet"
7447501,MUCUA EM FILE CONGELADO,1.0,0.0,A,A,"Art. 125 + Anexo I, item 20 (peixe/mucua em filé congelado, NCM 03.04)",m_diverge,original,0.0,0.0,"despesa_anual_rs = Σ_uf despesa POF do item; share_da_base = despesa do item ÷ denominador nacional de π^p (em campo, ex-combustíveis, matriz central)","data/inputs/dupla_codificacao_2026_07.csv (vendorado do v1; amostra estratificada m×flag de 470 itens, mínimo 12/estrato, seed 42; avaliador 2 = LLM cego ao gabarito, 2026-07-06) + data/inputs/dupla_codificacao_dirigida_2026_07.csv (R6: 46 itens do top-50% da despesa da base de π^p ausentes da amostra original, recodificados às cegas pelo mesmo protocolo, 2026-07-13) × data/inputs/matriz_pof_ibs_v5.csv; data/processed/pof_despesa_item_uf.parquet"
7701602,MALAGUETA EM CONSERVA,0.4,1.0,B,A,Regime geral: pimenta malagueta em conserva; conservas (07.11) excluídas do Anexo VII item 14 e Anexo XV,m_diverge,original,0.0,0.0,"despesa_anual_rs = Σ_uf despesa POF do item; share_da_base = despesa do item ÷ denominador nacional de π^p (em campo, ex-combustíveis, matriz central)","data/inputs/dupla_codificacao_2026_07.csv (vendorado do v1; amostra estratificada m×flag de 470 itens, mínimo 12/estrato, seed 42; avaliador 2 = LLM cego ao gabarito, 2026-07-06) + data/inputs/dupla_codificacao_dirigida_2026_07.csv (R6: 46 itens do top-50% da despesa da base de π^p ausentes da amostra original, recodificados às cegas pelo mesmo protocolo, 2026-07-13) × data/inputs/matriz_pof_ibs_v5.csv; data/processed/pof_despesa_item_uf.parquet"
7905507,LEITE BEIJINHO DIETETICO,0.0,1.0,A,C,"Regime geral: leite beijinho dietético (doce/sobremesa láctea), não é leite fluido do Anexo I item 2 nem composto lácteo típico; incerto",m_diverge,original,0.0,0.0,"despesa_anual_rs = Σ_uf despesa POF do item; share_da_base = despesa do item ÷ denominador nacional de π^p (em campo, ex-combustíveis, matriz central)","data/inputs/dupla_codificacao_2026_07.csv (vendorado do v1; amostra estratificada m×flag de 470 itens, mínimo 12/estrato, seed 42; avaliador 2 = LLM cego ao gabarito, 2026-07-06) + data/inputs/dupla_codificacao_dirigida_2026_07.csv (R6: 46 itens do top-50% da despesa da base de π^p ausentes da amostra original, recodificados às cegas pelo mesmo protocolo, 2026-07-13) × data/inputs/matriz_pof_ibs_v5.csv; data/processed/pof_despesa_item_uf.parquet"
7906008,QUEIJO CANASTRA LIGHT,0.4,0.0,B,B,"Art. 125 + Anexo I, item 21 (queijo Canastra = tipo minas artesanal, NCM 0406; aproximação de tipo)",m_diverge,original,0.0,0.0,"despesa_anual_rs = Σ_uf despesa POF do item; share_da_base = despesa do item ÷ denominador nacional de π^p (em campo, ex-combustíveis, matriz central)","data/inputs/dupla_codificacao_2026_07.csv (vendorado do v1; amostra estratificada m×flag de 470 itens, mínimo 12/estrato, seed 42; avaliador 2 = LLM cego ao gabarito, 2026-07-06) + data/inputs/dupla_codificacao_dirigida_2026_07.csv (R6: 46 itens do top-50% da despesa da base de π^p ausentes da amostra original, recodificados às cegas pelo mesmo protocolo, 2026-07-13) × data/inputs/matriz_pof_ibs_v5.csv; data/processed/pof_despesa_item_uf.parquet"
7906505,QUEIJO TIPO DANONINHO LIGHT,0.4,1.0,B,C,Regime geral: queijo tipo danoninho (petit suisse adoçado/sobremesa láctea); não claramente 'queijo fresco não maturado' do Anexo I item 21; conservador,m_diverge,original,0.0,0.0,"despesa_anual_rs = Σ_uf despesa POF do item; share_da_base = despesa do item ÷ denominador nacional de π^p (em campo, ex-combustíveis, matriz central)","data/inputs/dupla_codificacao_2026_07.csv (vendorado do v1; amostra estratificada m×flag de 470 itens, mínimo 12/estrato, seed 42; avaliador 2 = LLM cego ao gabarito, 2026-07-06) + data/inputs/dupla_codificacao_dirigida_2026_07.csv (R6: 46 itens do top-50% da despesa da base de π^p ausentes da amostra original, recodificados às cegas pelo mesmo protocolo, 2026-07-13) × data/inputs/matriz_pof_ibs_v5.csv; data/processed/pof_despesa_item_uf.parquet"
8006524,PAO DIETETICO WICK BOLD,0.0,0.4,A,B,"Wickbold = linha de pão de forma NCM 1905.90.10; Anexo VII item 12 (art. 135) -> m=0,40; descritor 'dietético' ambíguo, aproximação declarada.",m_diverge,original,0.0,0.0,"despesa_anual_rs = Σ_uf despesa POF do item; share_da_base = despesa do item ÷ denominador nacional de π^p (em campo, ex-combustíveis, matriz central)","data/inputs/dupla_codificacao_2026_07.csv (vendorado do v1; amostra estratificada m×flag de 470 itens, mínimo 12/estrato, seed 42; avaliador 2 = LLM cego ao gabarito, 2026-07-06) + data/inputs/dupla_codificacao_dirigida_2026_07.csv (R6: 46 itens do top-50% da despesa da base de π^p ausentes da amostra original, recodificados às cegas pelo mesmo protocolo, 2026-07-13) × data/inputs/matriz_pof_ibs_v5.csv; data/processed/pof_despesa_item_uf.parquet"
8010403,BISCOITO DE MANTEIGA LIGHT,0.0,1.0,A,A,Biscoito de manteiga NCM 1905; fora dos róis; regime geral art. 12.,m_diverge,original,0.0,0.0,"despesa_anual_rs = Σ_uf despesa POF do item; share_da_base = despesa do item ÷ denominador nacional de π^p (em campo, ex-combustíveis, matriz central)","data/inputs/dupla_codificacao_2026_07.csv (vendorado do v1; amostra estratificada m×flag de 470 itens, mínimo 12/estrato, seed 42; avaliador 2 = LLM cego ao gabarito, 2026-07-06) + data/inputs/dupla_codificacao_dirigida_2026_07.csv (R6: 46 itens do top-50% da despesa da base de π^p ausentes da amostra original, recodificados às cegas pelo mesmo protocolo, 2026-07-13) × data/inputs/matriz_pof_ibs_v5.csv; data/processed/pof_despesa_item_uf.parquet"
8010543,BISCOITO DE MANTEIGA DIETETICO,0.0,1.0,A,A,Biscoito de manteiga NCM 1905; fora dos róis; regime geral art. 12.,m_diverge,original,0.0,0.0,"despesa_anual_rs = Σ_uf despesa POF do item; share_da_base = despesa do item ÷ denominador nacional de π^p (em campo, ex-combustíveis, matriz central)","data/inputs/dupla_codificacao_2026_07.csv (vendorado do v1; amostra estratificada m×flag de 470 itens, mínimo 12/estrato, seed 42; avaliador 2 = LLM cego ao gabarito, 2026-07-06) + data/inputs/dupla_codificacao_dirigida_2026_07.csv (R6: 46 itens do top-50% da despesa da base de π^p ausentes da amostra original, recodificados às cegas pelo mesmo protocolo, 2026-07-13) × data/inputs/matriz_pof_ibs_v5.csv; data/processed/pof_despesa_item_uf.parquet"
8010573,BOLACHA COM LEITE DIETETICA,0.0,1.0,A,A,Bolacha com leite = biscoito NCM 1905; fora dos róis; regime geral art. 12.,m_diverge,original,0.0,0.0,"despesa_anual_rs = Σ_uf despesa POF do item; share_da_base = despesa do item ÷ denominador nacional de π^p (em campo, ex-combustíveis, matriz central)","data/inputs/dupla_codificacao_2026_07.csv (vendorado do v1; amostra estratificada m×flag de 470 itens, mínimo 12/estrato, seed 42; avaliador 2 = LLM cego ao gabarito, 2026-07-06) + data/inputs/dupla_codificacao_dirigida_2026_07.csv (R6: 46 itens do top-50% da despesa da base de π^p ausentes da amostra original, recodificados às cegas pelo mesmo protocolo, 2026-07-13) × data/inputs/matriz_pof_ibs_v5.csv; data/processed/pof_despesa_item_uf.parquet"
8201510,POP LARANJA LIGHT,0.4,1.0,A,A,Refrigerante de laranja NCM 2202.10; regime geral art. 12.,m_diverge,original,0.0,0.0,"despesa_anual_rs = Σ_uf despesa POF do item; share_da_base = despesa do item ÷ denominador nacional de π^p (em campo, ex-combustíveis, matriz central)","data/inputs/dupla_codificacao_2026_07.csv (vendorado do v1; amostra estratificada m×flag de 470 itens, mínimo 12/estrato, seed 42; avaliador 2 = LLM cego ao gabarito, 2026-07-06) + data/inputs/dupla_codificacao_dirigida_2026_07.csv (R6: 46 itens do top-50% da despesa da base de π^p ausentes da amostra original, recodificados às cegas pelo mesmo protocolo, 2026-07-13) × data/inputs/matriz_pof_ibs_v5.csv; data/processed/pof_despesa_item_uf.parquet"
8211201,CHOCOLATE ENGARRAFADO OU ENCARTONADO LIGHT,0.4,1.0,B,B,Chocolate engarrafado/encartonado = bebida achocolatada NCM 1806/2202; fora dos róis; regime geral art. 12.,m_diverge,original,0.0,0.0,"despesa_anual_rs = Σ_uf despesa POF do item; share_da_base = despesa do item ÷ denominador nacional de π^p (em campo, ex-combustíveis, matriz central)","data/inputs/dupla_codificacao_2026_07.csv (vendorado do v1; amostra estratificada m×flag de 470 itens, mínimo 12/estrato, seed 42; avaliador 2 = LLM cego ao gabarito, 2026-07-06) + data/inputs/dupla_codificacao_dirigida_2026_07.csv (R6: 46 itens do top-50% da despesa da base de π^p ausentes da amostra original, recodificados às cegas pelo mesmo protocolo, 2026-07-13) × data/inputs/matriz_pof_ibs_v5.csv; data/processed/pof_despesa_item_uf.parquet"
8211502,XAROPE DE FRUTA OU VEGETAL ENGARRAFADO DIET,0.4,1.0,B,B,Xarope de fruta = preparação para bebida NCM 2106.90 (não é suco da posição 20.09); regime geral art. 12.,m_diverge,original,0.0,0.0,"despesa_anual_rs = Σ_uf despesa POF do item; share_da_base = despesa do item ÷ denominador nacional de π^p (em campo, ex-combustíveis, matriz central)","data/inputs/dupla_codificacao_2026_07.csv (vendorado do v1; amostra estratificada m×flag de 470 itens, mínimo 12/estrato, seed 42; avaliador 2 = LLM cego ao gabarito, 2026-07-06) + data/inputs/dupla_codificacao_dirigida_2026_07.csv (R6: 46 itens do top-50% da despesa da base de π^p ausentes da amostra original, recodificados às cegas pelo mesmo protocolo, 2026-07-13) × data/inputs/matriz_pof_ibs_v5.csv; data/processed/pof_despesa_item_uf.parquet"
8211702,XAROPE DE FRUTA OU VEGETAL ENCARTONADO DIET,0.4,1.0,B,B,Xarope de fruta encartonado NCM 2106.90 (não é suco 20.09/Anexo VII item 10); regime geral art. 12.,m_diverge,original,0.0,0.0,"despesa_anual_rs = Σ_uf despesa POF do item; share_da_base = despesa do item ÷ denominador nacional de π^p (em campo, ex-combustíveis, matriz central)","data/inputs/dupla_codificacao_2026_07.csv (vendorado do v1; amostra estratificada m×flag de 470 itens, mínimo 12/estrato, seed 42; avaliador 2 = LLM cego ao gabarito, 2026-07-06) + data/inputs/dupla_codificacao_dirigida_2026_07.csv (R6: 46 itens do top-50% da despesa da base de π^p ausentes da amostra original, recodificados às cegas pelo mesmo protocolo, 2026-07-13) × data/inputs/matriz_pof_ibs_v5.csv; data/processed/pof_despesa_item_uf.parquet"
8401402,OLEO DE COCO TICUM,1.0,0.4,A,B,"Art. 135 + Anexo VII, item 8 (demais oleos vegetais comestiveis, pos. 15.11-15.15 NCM/SH; oleo de coco/tucum nao e babacu do Anexo I). Aproximacao por NCM.",m_diverge,original,0.0,0.0,"despesa_anual_rs = Σ_uf despesa POF do item; share_da_base = despesa do item ÷ denominador nacional de π^p (em campo, ex-combustíveis, matriz central)","data/inputs/dupla_codificacao_2026_07.csv (vendorado do v1; amostra estratificada m×flag de 470 itens, mínimo 12/estrato, seed 42; avaliador 2 = LLM cego ao gabarito, 2026-07-06) + data/inputs/dupla_codificacao_dirigida_2026_07.csv (R6: 46 itens do top-50% da despesa da base de π^p ausentes da amostra original, recodificados às cegas pelo mesmo protocolo, 2026-07-13) × data/inputs/matriz_pof_ibs_v5.csv; data/processed/pof_despesa_item_uf.parquet"
8401503,OLEO DE OURICURI,1.0,0.4,A,B,"Art. 135 + Anexo VII, item 8 (demais oleos vegetais comestiveis, pos. 15.11-15.15 NCM/SH; oleo de ouricuri nao consta do Anexo I). Aproximacao por NCM.",m_diverge,original,0.0,0.0,"despesa_anual_rs = Σ_uf despesa POF do item; share_da_base = despesa do item ÷ denominador nacional de π^p (em campo, ex-combustíveis, matriz central)","data/inputs/dupla_codificacao_2026_07.csv (vendorado do v1; amostra estratificada m×flag de 470 itens, mínimo 12/estrato, seed 42; avaliador 2 = LLM cego ao gabarito, 2026-07-06) + data/inputs/dupla_codificacao_dirigida_2026_07.csv (R6: 46 itens do top-50% da despesa da base de π^p ausentes da amostra original, recodificados às cegas pelo mesmo protocolo, 2026-07-13) × data/inputs/matriz_pof_ibs_v5.csv; data/processed/pof_despesa_item_uf.parquet"
8401504,OLEO DE LICURI,1.0,0.4,A,B,"Art. 135 + Anexo VII, item 8 (demais oleos vegetais comestiveis, pos. 15.11-15.15 NCM/SH; oleo de licuri nao consta do Anexo I). Aproximacao por NCM.",m_diverge,original,0.0,0.0,"despesa_anual_rs = Σ_uf despesa POF do item; share_da_base = despesa do item ÷ denominador nacional de π^p (em campo, ex-combustíveis, matriz central)","data/inputs/dupla_codificacao_2026_07.csv (vendorado do v1; amostra estratificada m×flag de 470 itens, mínimo 12/estrato, seed 42; avaliador 2 = LLM cego ao gabarito, 2026-07-06) + data/inputs/dupla_codificacao_dirigida_2026_07.csv (R6: 46 itens do top-50% da despesa da base de π^p ausentes da amostra original, recodificados às cegas pelo mesmo protocolo, 2026-07-13) × data/inputs/matriz_pof_ibs_v5.csv; data/processed/pof_despesa_item_uf.parquet"
8500605,REFRESCO DE MARACUJA PARA VIAGEM,0.4,0.6,A,B,"Arts. 273-275 c/c art. 273 §1 (refresco/bebida nao alcoolica preparada, 'para viagem'). Aproximacao food-service.",m_diverge,original,0.0,0.0,"despesa_anual_rs = Σ_uf despesa POF do item; share_da_base = despesa do item ÷ denominador nacional de π^p (em campo, ex-combustíveis, matriz central)","data/inputs/dupla_codificacao_2026_07.csv (vendorado do v1; amostra estratificada m×flag de 470 itens, mínimo 12/estrato, seed 42; avaliador 2 = LLM cego ao gabarito, 2026-07-06) + data/inputs/dupla_codificacao_dirigida_2026_07.csv (R6: 46 itens do top-50% da despesa da base de π^p ausentes da amostra original, recodificados às cegas pelo mesmo protocolo, 2026-07-13) × data/inputs/matriz_pof_ibs_v5.csv; data/processed/pof_despesa_item_uf.parquet"
8503205,CALDO DE SIRI PARA VIAGEM,1.0,0.6,A,B,Arts. 273-275 (prato preparado por bar/restaurante; caldo de siri 'para viagem'). Aproximacao food-service.,m_diverge,original,0.0,0.0,"despesa_anual_rs = Σ_uf despesa POF do item; share_da_base = despesa do item ÷ denominador nacional de π^p (em campo, ex-combustíveis, matriz central)","data/inputs/dupla_codificacao_2026_07.csv (vendorado do v1; amostra estratificada m×flag de 470 itens, mínimo 12/estrato, seed 42; avaliador 2 = LLM cego ao gabarito, 2026-07-06) + data/inputs/dupla_codificacao_dirigida_2026_07.csv (R6: 46 itens do top-50% da despesa da base de π^p ausentes da amostra original, recodificados às cegas pelo mesmo protocolo, 2026-07-13) × data/inputs/matriz_pof_ibs_v5.csv; data/processed/pof_despesa_item_uf.parquet"
