classe,decil,despesa_rs_bi,beneficio_rs_bi,share_beneficio,indice_pro_rico,formula,fonte
cesta_aliquota_zero,1,13.874265440420492,13.874265440420492,0.04934333505875052,2.473867053578208,"beneficio_cd = Î£_{iâˆˆclasse} w_idÂ·(1âˆ’m_i), w_id = despesa POF nacional itemĂ—decil (em campo, ex-combustĂ­veis; R$ bi/ano preĂ§os 15/01/2018); zfm: beneficio_d = 0,13Â·despesa_em_campo_AM_d; share = beneficio_cd Ă· Î£_d beneficio_cd; indice_pro_rico = share(decis 8-10) Ă· share(decis 1-3); decis populacionais nacionais de renda per capita","IBGE POF 2017-2018 (microdados via aferir.inputs.pof.le_despesas; decis populacionais nacionais de renda per capita â€” pof_boot_uc.parquet, regra de aferir.inputs.pof.decis_renda); matriz_pof_ibs_v5.csv; LC 214/2025"
cesta_aliquota_zero,2,17.306311938111207,17.306311938111207,0.061549287222487675,2.473867053578208,"beneficio_cd = Î£_{iâˆˆclasse} w_idÂ·(1âˆ’m_i), w_id = despesa POF nacional itemĂ—decil (em campo, ex-combustĂ­veis; R$ bi/ano preĂ§os 15/01/2018); zfm: beneficio_d = 0,13Â·despesa_em_campo_AM_d; share = beneficio_cd Ă· Î£_d beneficio_cd; indice_pro_rico = share(decis 8-10) Ă· share(decis 1-3); decis populacionais nacionais de renda per capita","IBGE POF 2017-2018 (microdados via aferir.inputs.pof.le_despesas; decis populacionais nacionais de renda per capita â€” pof_boot_uc.parquet, regra de aferir.inputs.pof.decis_renda); matriz_pof_ibs_v5.csv; LC 214/2025"
cesta_aliquota_zero,3,19.542200984089575,19.542200984089575,0.06950114765240872,2.473867053578208,"beneficio_cd = Î£_{iâˆˆclasse} w_idÂ·(1âˆ’m_i), w_id = despesa POF nacional itemĂ—decil (em campo, ex-combustĂ­veis; R$ bi/ano preĂ§os 15/01/2018); zfm: beneficio_d = 0,13Â·despesa_em_campo_AM_d; share = beneficio_cd Ă· Î£_d beneficio_cd; indice_pro_rico = share(decis 8-10) Ă· share(decis 1-3); decis populacionais nacionais de renda per capita","IBGE POF 2017-2018 (microdados via aferir.inputs.pof.le_despesas; decis populacionais nacionais de renda per capita â€” pof_boot_uc.parquet, regra de aferir.inputs.pof.decis_renda); matriz_pof_ibs_v5.csv; LC 214/2025"
cesta_aliquota_zero,4,21.879503661935683,21.879503661935683,0.0778136820825688,2.473867053578208,"beneficio_cd = Î£_{iâˆˆclasse} w_idÂ·(1âˆ’m_i), w_id = despesa POF nacional itemĂ—decil (em campo, ex-combustĂ­veis; R$ bi/ano preĂ§os 15/01/2018); zfm: beneficio_d = 0,13Â·despesa_em_campo_AM_d; share = beneficio_cd Ă· Î£_d beneficio_cd; indice_pro_rico = share(decis 8-10) Ă· share(decis 1-3); decis populacionais nacionais de renda per capita","IBGE POF 2017-2018 (microdados via aferir.inputs.pof.le_despesas; decis populacionais nacionais de renda per capita â€” pof_boot_uc.parquet, regra de aferir.inputs.pof.decis_renda); matriz_pof_ibs_v5.csv; LC 214/2025"
cesta_aliquota_zero,5,25.3093145750198,25.3093145750198,0.09001168346860394,2.473867053578208,"beneficio_cd = Î£_{iâˆˆclasse} w_idÂ·(1âˆ’m_i), w_id = despesa POF nacional itemĂ—decil (em campo, ex-combustĂ­veis; R$ bi/ano preĂ§os 15/01/2018); zfm: beneficio_d = 0,13Â·despesa_em_campo_AM_d; share = beneficio_cd Ă· Î£_d beneficio_cd; indice_pro_rico = share(decis 8-10) Ă· share(decis 1-3); decis populacionais nacionais de renda per capita","IBGE POF 2017-2018 (microdados via aferir.inputs.pof.le_despesas; decis populacionais nacionais de renda per capita â€” pof_boot_uc.parquet, regra de aferir.inputs.pof.decis_renda); matriz_pof_ibs_v5.csv; LC 214/2025"
cesta_aliquota_zero,6,27.583328086175612,27.583328086175612,0.09809913221253443,2.473867053578208,"beneficio_cd = Î£_{iâˆˆclasse} w_idÂ·(1âˆ’m_i), w_id = despesa POF nacional itemĂ—decil (em campo, ex-combustĂ­veis; R$ bi/ano preĂ§os 15/01/2018); zfm: beneficio_d = 0,13Â·despesa_em_campo_AM_d; share = beneficio_cd Ă· Î£_d beneficio_cd; indice_pro_rico = share(decis 8-10) Ă· share(decis 1-3); decis populacionais nacionais de renda per capita","IBGE POF 2017-2018 (microdados via aferir.inputs.pof.le_despesas; decis populacionais nacionais de renda per capita â€” pof_boot_uc.parquet, regra de aferir.inputs.pof.decis_renda); matriz_pof_ibs_v5.csv; LC 214/2025"
cesta_aliquota_zero,7,30.20176993989026,30.20176993989026,0.10741152819302979,2.473867053578208,"beneficio_cd = Î£_{iâˆˆclasse} w_idÂ·(1âˆ’m_i), w_id = despesa POF nacional itemĂ—decil (em campo, ex-combustĂ­veis; R$ bi/ano preĂ§os 15/01/2018); zfm: beneficio_d = 0,13Â·despesa_em_campo_AM_d; share = beneficio_cd Ă· Î£_d beneficio_cd; indice_pro_rico = share(decis 8-10) Ă· share(decis 1-3); decis populacionais nacionais de renda per capita","IBGE POF 2017-2018 (microdados via aferir.inputs.pof.le_despesas; decis populacionais nacionais de renda per capita â€” pof_boot_uc.parquet, regra de aferir.inputs.pof.decis_renda); matriz_pof_ibs_v5.csv; LC 214/2025"
cesta_aliquota_zero,8,34.78340423302618,34.78340423302618,0.12370594875271139,2.473867053578208,"beneficio_cd = Î£_{iâˆˆclasse} w_idÂ·(1âˆ’m_i), w_id = despesa POF nacional itemĂ—decil (em campo, ex-combustĂ­veis; R$ bi/ano preĂ§os 15/01/2018); zfm: beneficio_d = 0,13Â·despesa_em_campo_AM_d; share = beneficio_cd Ă· Î£_d beneficio_cd; indice_pro_rico = share(decis 8-10) Ă· share(decis 1-3); decis populacionais nacionais de renda per capita","IBGE POF 2017-2018 (microdados via aferir.inputs.pof.le_despesas; decis populacionais nacionais de renda per capita â€” pof_boot_uc.parquet, regra de aferir.inputs.pof.decis_renda); matriz_pof_ibs_v5.csv; LC 214/2025"
cesta_aliquota_zero,9,38.55939199682853,38.55939199682853,0.13713511588283042,2.473867053578208,"beneficio_cd = Î£_{iâˆˆclasse} w_idÂ·(1âˆ’m_i), w_id = despesa POF nacional itemĂ—decil (em campo, ex-combustĂ­veis; R$ bi/ano preĂ§os 15/01/2018); zfm: beneficio_d = 0,13Â·despesa_em_campo_AM_d; share = beneficio_cd Ă· Î£_d beneficio_cd; indice_pro_rico = share(decis 8-10) Ă· share(decis 1-3); decis populacionais nacionais de renda per capita","IBGE POF 2017-2018 (microdados via aferir.inputs.pof.le_despesas; decis populacionais nacionais de renda per capita â€” pof_boot_uc.parquet, regra de aferir.inputs.pof.decis_renda); matriz_pof_ibs_v5.csv; LC 214/2025"
cesta_aliquota_zero,10,52.13861402738366,52.13861402738366,0.1854291394740744,2.473867053578208,"beneficio_cd = Î£_{iâˆˆclasse} w_idÂ·(1âˆ’m_i), w_id = despesa POF nacional itemĂ—decil (em campo, ex-combustĂ­veis; R$ bi/ano preĂ§os 15/01/2018); zfm: beneficio_d = 0,13Â·despesa_em_campo_AM_d; share = beneficio_cd Ă· Î£_d beneficio_cd; indice_pro_rico = share(decis 8-10) Ă· share(decis 1-3); decis populacionais nacionais de renda per capita","IBGE POF 2017-2018 (microdados via aferir.inputs.pof.le_despesas; decis populacionais nacionais de renda per capita â€” pof_boot_uc.parquet, regra de aferir.inputs.pof.decis_renda); matriz_pof_ibs_v5.csv; LC 214/2025"
saude_60,1,3.1817538392206046,1.9090523035323625,0.016260339064935146,8.797059062840859,"beneficio_cd = Î£_{iâˆˆclasse} w_idÂ·(1âˆ’m_i), w_id = despesa POF nacional itemĂ—decil (em campo, ex-combustĂ­veis; R$ bi/ano preĂ§os 15/01/2018); zfm: beneficio_d = 0,13Â·despesa_em_campo_AM_d; share = beneficio_cd Ă· Î£_d beneficio_cd; indice_pro_rico = share(decis 8-10) Ă· share(decis 1-3); decis populacionais nacionais de renda per capita","IBGE POF 2017-2018 (microdados via aferir.inputs.pof.le_despesas; decis populacionais nacionais de renda per capita â€” pof_boot_uc.parquet, regra de aferir.inputs.pof.decis_renda); matriz_pof_ibs_v5.csv; LC 214/2025"
saude_60,2,4.717791395079394,2.8306748370476367,0.024110252269049132,8.797059062840859,"beneficio_cd = Î£_{iâˆˆclasse} w_idÂ·(1âˆ’m_i), w_id = despesa POF nacional itemĂ—decil (em campo, ex-combustĂ­veis; R$ bi/ano preĂ§os 15/01/2018); zfm: beneficio_d = 0,13Â·despesa_em_campo_AM_d; share = beneficio_cd Ă· Î£_d beneficio_cd; indice_pro_rico = share(decis 8-10) Ă· share(decis 1-3); decis populacionais nacionais de renda per capita","IBGE POF 2017-2018 (microdados via aferir.inputs.pof.le_despesas; decis populacionais nacionais de renda per capita â€” pof_boot_uc.parquet, regra de aferir.inputs.pof.decis_renda); matriz_pof_ibs_v5.csv; LC 214/2025"
saude_60,3,7.0367189007312,4.22203134043872,0.03596112113391996,8.797059062840859,"beneficio_cd = Î£_{iâˆˆclasse} w_idÂ·(1âˆ’m_i), w_id = despesa POF nacional itemĂ—decil (em campo, ex-combustĂ­veis; R$ bi/ano preĂ§os 15/01/2018); zfm: beneficio_d = 0,13Â·despesa_em_campo_AM_d; share = beneficio_cd Ă· Î£_d beneficio_cd; indice_pro_rico = share(decis 8-10) Ă· share(decis 1-3); decis populacionais nacionais de renda per capita","IBGE POF 2017-2018 (microdados via aferir.inputs.pof.le_despesas; decis populacionais nacionais de renda per capita â€” pof_boot_uc.parquet, regra de aferir.inputs.pof.decis_renda); matriz_pof_ibs_v5.csv; LC 214/2025"
saude_60,4,8.379811987287761,5.027887192372657,0.042824992472417236,8.797059062840859,"beneficio_cd = Î£_{iâˆˆclasse} w_idÂ·(1âˆ’m_i), w_id = despesa POF nacional itemĂ—decil (em campo, ex-combustĂ­veis; R$ bi/ano preĂ§os 15/01/2018); zfm: beneficio_d = 0,13Â·despesa_em_campo_AM_d; share = beneficio_cd Ă· Î£_d beneficio_cd; indice_pro_rico = share(decis 8-10) Ă· share(decis 1-3); decis populacionais nacionais de renda per capita","IBGE POF 2017-2018 (microdados via aferir.inputs.pof.le_despesas; decis populacionais nacionais de renda per capita â€” pof_boot_uc.parquet, regra de aferir.inputs.pof.decis_renda); matriz_pof_ibs_v5.csv; LC 214/2025"
saude_60,5,10.37001948084731,6.222011688508386,0.0529959391546974,8.797059062840859,"beneficio_cd = Î£_{iâˆˆclasse} w_idÂ·(1âˆ’m_i), w_id = despesa POF nacional itemĂ—decil (em campo, ex-combustĂ­veis; R$ bi/ano preĂ§os 15/01/2018); zfm: beneficio_d = 0,13Â·despesa_em_campo_AM_d; share = beneficio_cd Ă· Î£_d beneficio_cd; indice_pro_rico = share(decis 8-10) Ă· share(decis 1-3); decis populacionais nacionais de renda per capita","IBGE POF 2017-2018 (microdados via aferir.inputs.pof.le_despesas; decis populacionais nacionais de renda per capita â€” pof_boot_uc.parquet, regra de aferir.inputs.pof.decis_renda); matriz_pof_ibs_v5.csv; LC 214/2025"
saude_60,6,13.549720684560029,8.129832410736018,0.06924578823485637,8.797059062840859,"beneficio_cd = Î£_{iâˆˆclasse} w_idÂ·(1âˆ’m_i), w_id = despesa POF nacional itemĂ—decil (em campo, ex-combustĂ­veis; R$ bi/ano preĂ§os 15/01/2018); zfm: beneficio_d = 0,13Â·despesa_em_campo_AM_d; share = beneficio_cd Ă· Î£_d beneficio_cd; indice_pro_rico = share(decis 8-10) Ă· share(decis 1-3); decis populacionais nacionais de renda per capita","IBGE POF 2017-2018 (microdados via aferir.inputs.pof.le_despesas; decis populacionais nacionais de renda per capita â€” pof_boot_uc.parquet, regra de aferir.inputs.pof.decis_renda); matriz_pof_ibs_v5.csv; LC 214/2025"
saude_60,7,17.044723480607736,10.226834088364642,0.08710698472218521,8.797059062840859,"beneficio_cd = Î£_{iâˆˆclasse} w_idÂ·(1âˆ’m_i), w_id = despesa POF nacional itemĂ—decil (em campo, ex-combustĂ­veis; R$ bi/ano preĂ§os 15/01/2018); zfm: beneficio_d = 0,13Â·despesa_em_campo_AM_d; share = beneficio_cd Ă· Î£_d beneficio_cd; indice_pro_rico = share(decis 8-10) Ă· share(decis 1-3); decis populacionais nacionais de renda per capita","IBGE POF 2017-2018 (microdados via aferir.inputs.pof.le_despesas; decis populacionais nacionais de renda per capita â€” pof_boot_uc.parquet, regra de aferir.inputs.pof.decis_renda); matriz_pof_ibs_v5.csv; LC 214/2025"
saude_60,8,21.41326881467019,12.847961288802113,0.10943241652548154,8.797059062840859,"beneficio_cd = Î£_{iâˆˆclasse} w_idÂ·(1âˆ’m_i), w_id = despesa POF nacional itemĂ—decil (em campo, ex-combustĂ­veis; R$ bi/ano preĂ§os 15/01/2018); zfm: beneficio_d = 0,13Â·despesa_em_campo_AM_d; share = beneficio_cd Ă· Î£_d beneficio_cd; indice_pro_rico = share(decis 8-10) Ă· share(decis 1-3); decis populacionais nacionais de renda per capita","IBGE POF 2017-2018 (microdados via aferir.inputs.pof.le_despesas; decis populacionais nacionais de renda per capita â€” pof_boot_uc.parquet, regra de aferir.inputs.pof.decis_renda); matriz_pof_ibs_v5.csv; LC 214/2025"
saude_60,9,33.22884452504062,19.937306715024373,0.16981586446220118,8.797059062840859,"beneficio_cd = Î£_{iâˆˆclasse} w_idÂ·(1âˆ’m_i), w_id = despesa POF nacional itemĂ—decil (em campo, ex-combustĂ­veis; R$ bi/ano preĂ§os 15/01/2018); zfm: beneficio_d = 0,13Â·despesa_em_campo_AM_d; share = beneficio_cd Ă· Î£_d beneficio_cd; indice_pro_rico = share(decis 8-10) Ă· share(decis 1-3); decis populacionais nacionais de renda per capita","IBGE POF 2017-2018 (microdados via aferir.inputs.pof.le_despesas; decis populacionais nacionais de renda per capita â€” pof_boot_uc.parquet, regra de aferir.inputs.pof.decis_renda); matriz_pof_ibs_v5.csv; LC 214/2025"
saude_60,10,76.75308443435028,46.051850660610164,0.3922463019602568,8.797059062840859,"beneficio_cd = Î£_{iâˆˆclasse} w_idÂ·(1âˆ’m_i), w_id = despesa POF nacional itemĂ—decil (em campo, ex-combustĂ­veis; R$ bi/ano preĂ§os 15/01/2018); zfm: beneficio_d = 0,13Â·despesa_em_campo_AM_d; share = beneficio_cd Ă· Î£_d beneficio_cd; indice_pro_rico = share(decis 8-10) Ă· share(decis 1-3); decis populacionais nacionais de renda per capita","IBGE POF 2017-2018 (microdados via aferir.inputs.pof.le_despesas; decis populacionais nacionais de renda per capita â€” pof_boot_uc.parquet, regra de aferir.inputs.pof.decis_renda); matriz_pof_ibs_v5.csv; LC 214/2025"
educacao_60,1,0.921259909469607,0.5527559456817642,0.00907280963975063,14.361784450761343,"beneficio_cd = Î£_{iâˆˆclasse} w_idÂ·(1âˆ’m_i), w_id = despesa POF nacional itemĂ—decil (em campo, ex-combustĂ­veis; R$ bi/ano preĂ§os 15/01/2018); zfm: beneficio_d = 0,13Â·despesa_em_campo_AM_d; share = beneficio_cd Ă· Î£_d beneficio_cd; indice_pro_rico = share(decis 8-10) Ă· share(decis 1-3); decis populacionais nacionais de renda per capita","IBGE POF 2017-2018 (microdados via aferir.inputs.pof.le_despesas; decis populacionais nacionais de renda per capita â€” pof_boot_uc.parquet, regra de aferir.inputs.pof.decis_renda); matriz_pof_ibs_v5.csv; LC 214/2025"
educacao_60,2,1.866192140414147,1.119715284248488,0.018378750521038406,14.361784450761343,"beneficio_cd = Î£_{iâˆˆclasse} w_idÂ·(1âˆ’m_i), w_id = despesa POF nacional itemĂ—decil (em campo, ex-combustĂ­veis; R$ bi/ano preĂ§os 15/01/2018); zfm: beneficio_d = 0,13Â·despesa_em_campo_AM_d; share = beneficio_cd Ă· Î£_d beneficio_cd; indice_pro_rico = share(decis 8-10) Ă· share(decis 1-3); decis populacionais nacionais de renda per capita","IBGE POF 2017-2018 (microdados via aferir.inputs.pof.le_despesas; decis populacionais nacionais de renda per capita â€” pof_boot_uc.parquet, regra de aferir.inputs.pof.decis_renda); matriz_pof_ibs_v5.csv; LC 214/2025"
educacao_60,3,2.389706755854424,1.4338240535126543,0.023534460001820478,14.361784450761343,"beneficio_cd = Î£_{iâˆˆclasse} w_idÂ·(1âˆ’m_i), w_id = despesa POF nacional itemĂ—decil (em campo, ex-combustĂ­veis; R$ bi/ano preĂ§os 15/01/2018); zfm: beneficio_d = 0,13Â·despesa_em_campo_AM_d; share = beneficio_cd Ă· Î£_d beneficio_cd; indice_pro_rico = share(decis 8-10) Ă· share(decis 1-3); decis populacionais nacionais de renda per capita","IBGE POF 2017-2018 (microdados via aferir.inputs.pof.le_despesas; decis populacionais nacionais de renda per capita â€” pof_boot_uc.parquet, regra de aferir.inputs.pof.decis_renda); matriz_pof_ibs_v5.csv; LC 214/2025"
educacao_60,4,3.04872937319218,1.829237623915308,0.030024687888582702,14.361784450761343,"beneficio_cd = Î£_{iâˆˆclasse} w_idÂ·(1âˆ’m_i), w_id = despesa POF nacional itemĂ—decil (em campo, ex-combustĂ­veis; R$ bi/ano preĂ§os 15/01/2018); zfm: beneficio_d = 0,13Â·despesa_em_campo_AM_d; share = beneficio_cd Ă· Î£_d beneficio_cd; indice_pro_rico = share(decis 8-10) Ă· share(decis 1-3); decis populacionais nacionais de renda per capita","IBGE POF 2017-2018 (microdados via aferir.inputs.pof.le_despesas; decis populacionais nacionais de renda per capita â€” pof_boot_uc.parquet, regra de aferir.inputs.pof.decis_renda); matriz_pof_ibs_v5.csv; LC 214/2025"
educacao_60,5,4.452204779227736,2.671322867536641,0.04384648243553449,14.361784450761343,"beneficio_cd = Î£_{iâˆˆclasse} w_idÂ·(1âˆ’m_i), w_id = despesa POF nacional itemĂ—decil (em campo, ex-combustĂ­veis; R$ bi/ano preĂ§os 15/01/2018); zfm: beneficio_d = 0,13Â·despesa_em_campo_AM_d; share = beneficio_cd Ă· Î£_d beneficio_cd; indice_pro_rico = share(decis 8-10) Ă· share(decis 1-3); decis populacionais nacionais de renda per capita","IBGE POF 2017-2018 (microdados via aferir.inputs.pof.le_despesas; decis populacionais nacionais de renda per capita â€” pof_boot_uc.parquet, regra de aferir.inputs.pof.decis_renda); matriz_pof_ibs_v5.csv; LC 214/2025"
educacao_60,6,5.436969208353769,3.262181525012261,0.05354470127000225,14.361784450761343,"beneficio_cd = Î£_{iâˆˆclasse} w_idÂ·(1âˆ’m_i), w_id = despesa POF nacional itemĂ—decil (em campo, ex-combustĂ­veis; R$ bi/ano preĂ§os 15/01/2018); zfm: beneficio_d = 0,13Â·despesa_em_campo_AM_d; share = beneficio_cd Ă· Î£_d beneficio_cd; indice_pro_rico = share(decis 8-10) Ă· share(decis 1-3); decis populacionais nacionais de renda per capita","IBGE POF 2017-2018 (microdados via aferir.inputs.pof.le_despesas; decis populacionais nacionais de renda per capita â€” pof_boot_uc.parquet, regra de aferir.inputs.pof.decis_renda); matriz_pof_ibs_v5.csv; LC 214/2025"
educacao_60,7,9.072450545827625,5.443470327496575,0.08934787666570146,14.361784450761343,"beneficio_cd = Î£_{iâˆˆclasse} w_idÂ·(1âˆ’m_i), w_id = despesa POF nacional itemĂ—decil (em campo, ex-combustĂ­veis; R$ bi/ano preĂ§os 15/01/2018); zfm: beneficio_d = 0,13Â·despesa_em_campo_AM_d; share = beneficio_cd Ă· Î£_d beneficio_cd; indice_pro_rico = share(decis 8-10) Ă· share(decis 1-3); decis populacionais nacionais de renda per capita","IBGE POF 2017-2018 (microdados via aferir.inputs.pof.le_despesas; decis populacionais nacionais de renda per capita â€” pof_boot_uc.parquet, regra de aferir.inputs.pof.decis_renda); matriz_pof_ibs_v5.csv; LC 214/2025"
educacao_60,8,11.187863666054602,6.712718199632761,0.1101810208761122,14.361784450761343,"beneficio_cd = Î£_{iâˆˆclasse} w_idÂ·(1âˆ’m_i), w_id = despesa POF nacional itemĂ—decil (em campo, ex-combustĂ­veis; R$ bi/ano preĂ§os 15/01/2018); zfm: beneficio_d = 0,13Â·despesa_em_campo_AM_d; share = beneficio_cd Ă· Î£_d beneficio_cd; indice_pro_rico = share(decis 8-10) Ă· share(decis 1-3); decis populacionais nacionais de renda per capita","IBGE POF 2017-2018 (microdados via aferir.inputs.pof.le_despesas; decis populacionais nacionais de renda per capita â€” pof_boot_uc.parquet, regra de aferir.inputs.pof.decis_renda); matriz_pof_ibs_v5.csv; LC 214/2025"
educacao_60,9,20.117611483572908,12.070566890143743,0.19812352357979146,14.361784450761343,"beneficio_cd = Î£_{iâˆˆclasse} w_idÂ·(1âˆ’m_i), w_id = despesa POF nacional itemĂ—decil (em campo, ex-combustĂ­veis; R$ bi/ano preĂ§os 15/01/2018); zfm: beneficio_d = 0,13Â·despesa_em_campo_AM_d; share = beneficio_cd Ă· Î£_d beneficio_cd; indice_pro_rico = share(decis 8-10) Ă· share(decis 1-3); decis populacionais nacionais de renda per capita","IBGE POF 2017-2018 (microdados via aferir.inputs.pof.le_despesas; decis populacionais nacionais de renda per capita â€” pof_boot_uc.parquet, regra de aferir.inputs.pof.decis_renda); matriz_pof_ibs_v5.csv; LC 214/2025"
educacao_60,10,43.04776368574522,25.828658211447127,0.4239456871216659,14.361784450761343,"beneficio_cd = Î£_{iâˆˆclasse} w_idÂ·(1âˆ’m_i), w_id = despesa POF nacional itemĂ—decil (em campo, ex-combustĂ­veis; R$ bi/ano preĂ§os 15/01/2018); zfm: beneficio_d = 0,13Â·despesa_em_campo_AM_d; share = beneficio_cd Ă· Î£_d beneficio_cd; indice_pro_rico = share(decis 8-10) Ă· share(decis 1-3); decis populacionais nacionais de renda per capita","IBGE POF 2017-2018 (microdados via aferir.inputs.pof.le_despesas; decis populacionais nacionais de renda per capita â€” pof_boot_uc.parquet, regra de aferir.inputs.pof.decis_renda); matriz_pof_ibs_v5.csv; LC 214/2025"
alimentos_60,1,1.192281347613092,0.7153688085678551,0.03170559384765549,4.501169161766346,"beneficio_cd = Î£_{iâˆˆclasse} w_idÂ·(1âˆ’m_i), w_id = despesa POF nacional itemĂ—decil (em campo, ex-combustĂ­veis; R$ bi/ano preĂ§os 15/01/2018); zfm: beneficio_d = 0,13Â·despesa_em_campo_AM_d; share = beneficio_cd Ă· Î£_d beneficio_cd; indice_pro_rico = share(decis 8-10) Ă· share(decis 1-3); decis populacionais nacionais de renda per capita","IBGE POF 2017-2018 (microdados via aferir.inputs.pof.le_despesas; decis populacionais nacionais de renda per capita â€” pof_boot_uc.parquet, regra de aferir.inputs.pof.decis_renda); matriz_pof_ibs_v5.csv; LC 214/2025"
alimentos_60,2,1.5312301731258458,0.9187381038755075,0.040719048447412094,4.501169161766346,"beneficio_cd = Î£_{iâˆˆclasse} w_idÂ·(1âˆ’m_i), w_id = despesa POF nacional itemĂ—decil (em campo, ex-combustĂ­veis; R$ bi/ano preĂ§os 15/01/2018); zfm: beneficio_d = 0,13Â·despesa_em_campo_AM_d; share = beneficio_cd Ă· Î£_d beneficio_cd; indice_pro_rico = share(decis 8-10) Ă· share(decis 1-3); decis populacionais nacionais de renda per capita","IBGE POF 2017-2018 (microdados via aferir.inputs.pof.le_despesas; decis populacionais nacionais de renda per capita â€” pof_boot_uc.parquet, regra de aferir.inputs.pof.decis_renda); matriz_pof_ibs_v5.csv; LC 214/2025"
alimentos_60,3,1.917661985364204,1.1505971912185224,0.05099518848195265,4.501169161766346,"beneficio_cd = Î£_{iâˆˆclasse} w_idÂ·(1âˆ’m_i), w_id = despesa POF nacional itemĂ—decil (em campo, ex-combustĂ­veis; R$ bi/ano preĂ§os 15/01/2018); zfm: beneficio_d = 0,13Â·despesa_em_campo_AM_d; share = beneficio_cd Ă· Î£_d beneficio_cd; indice_pro_rico = share(decis 8-10) Ă· share(decis 1-3); decis populacionais nacionais de renda per capita","IBGE POF 2017-2018 (microdados via aferir.inputs.pof.le_despesas; decis populacionais nacionais de renda per capita â€” pof_boot_uc.parquet, regra de aferir.inputs.pof.decis_renda); matriz_pof_ibs_v5.csv; LC 214/2025"
alimentos_60,4,2.264838823824456,1.3589032942946735,0.060227445495425504,4.501169161766346,"beneficio_cd = Î£_{iâˆˆclasse} w_idÂ·(1âˆ’m_i), w_id = despesa POF nacional itemĂ—decil (em campo, ex-combustĂ­veis; R$ bi/ano preĂ§os 15/01/2018); zfm: beneficio_d = 0,13Â·despesa_em_campo_AM_d; share = beneficio_cd Ă· Î£_d beneficio_cd; indice_pro_rico = share(decis 8-10) Ă· share(decis 1-3); decis populacionais nacionais de renda per capita","IBGE POF 2017-2018 (microdados via aferir.inputs.pof.le_despesas; decis populacionais nacionais de renda per capita â€” pof_boot_uc.parquet, regra de aferir.inputs.pof.decis_renda); matriz_pof_ibs_v5.csv; LC 214/2025"
alimentos_60,5,2.8600225364441996,1.7160135218665198,0.0760547945475932,4.501169161766346,"beneficio_cd = Î£_{iâˆˆclasse} w_idÂ·(1âˆ’m_i), w_id = despesa POF nacional itemĂ—decil (em campo, ex-combustĂ­veis; R$ bi/ano preĂ§os 15/01/2018); zfm: beneficio_d = 0,13Â·despesa_em_campo_AM_d; share = beneficio_cd Ă· Î£_d beneficio_cd; indice_pro_rico = share(decis 8-10) Ă· share(decis 1-3); decis populacionais nacionais de renda per capita","IBGE POF 2017-2018 (microdados via aferir.inputs.pof.le_despesas; decis populacionais nacionais de renda per capita â€” pof_boot_uc.parquet, regra de aferir.inputs.pof.decis_renda); matriz_pof_ibs_v5.csv; LC 214/2025"
alimentos_60,6,3.1358569255204642,1.8815141553122785,0.08338988632503015,4.501169161766346,"beneficio_cd = Î£_{iâˆˆclasse} w_idÂ·(1âˆ’m_i), w_id = despesa POF nacional itemĂ—decil (em campo, ex-combustĂ­veis; R$ bi/ano preĂ§os 15/01/2018); zfm: beneficio_d = 0,13Â·despesa_em_campo_AM_d; share = beneficio_cd Ă· Î£_d beneficio_cd; indice_pro_rico = share(decis 8-10) Ă· share(decis 1-3); decis populacionais nacionais de renda per capita","IBGE POF 2017-2018 (microdados via aferir.inputs.pof.le_despesas; decis populacionais nacionais de renda per capita â€” pof_boot_uc.parquet, regra de aferir.inputs.pof.decis_renda); matriz_pof_ibs_v5.csv; LC 214/2025"
alimentos_60,7,3.8121643119672015,2.287298587180321,0.10137450661098639,4.501169161766346,"beneficio_cd = Î£_{iâˆˆclasse} w_idÂ·(1âˆ’m_i), w_id = despesa POF nacional itemĂ—decil (em campo, ex-combustĂ­veis; R$ bi/ano preĂ§os 15/01/2018); zfm: beneficio_d = 0,13Â·despesa_em_campo_AM_d; share = beneficio_cd Ă· Î£_d beneficio_cd; indice_pro_rico = share(decis 8-10) Ă· share(decis 1-3); decis populacionais nacionais de renda per capita","IBGE POF 2017-2018 (microdados via aferir.inputs.pof.le_despesas; decis populacionais nacionais de renda per capita â€” pof_boot_uc.parquet, regra de aferir.inputs.pof.decis_renda); matriz_pof_ibs_v5.csv; LC 214/2025"
alimentos_60,8,4.323604900586213,2.594162940351728,0.114974927025533,4.501169161766346,"beneficio_cd = Î£_{iâˆˆclasse} w_idÂ·(1âˆ’m_i), w_id = despesa POF nacional itemĂ—decil (em campo, ex-combustĂ­veis; R$ bi/ano preĂ§os 15/01/2018); zfm: beneficio_d = 0,13Â·despesa_em_campo_AM_d; share = beneficio_cd Ă· Î£_d beneficio_cd; indice_pro_rico = share(decis 8-10) Ă· share(decis 1-3); decis populacionais nacionais de renda per capita","IBGE POF 2017-2018 (microdados via aferir.inputs.pof.le_despesas; decis populacionais nacionais de renda per capita â€” pof_boot_uc.parquet, regra de aferir.inputs.pof.decis_renda); matriz_pof_ibs_v5.csv; LC 214/2025"
alimentos_60,9,6.049803761597369,3.629882256958421,0.16087865612191882,4.501169161766346,"beneficio_cd = Î£_{iâˆˆclasse} w_idÂ·(1âˆ’m_i), w_id = despesa POF nacional itemĂ—decil (em campo, ex-combustĂ­veis; R$ bi/ano preĂ§os 15/01/2018); zfm: beneficio_d = 0,13Â·despesa_em_campo_AM_d; share = beneficio_cd Ă· Î£_d beneficio_cd; indice_pro_rico = share(decis 8-10) Ă· share(decis 1-3); decis populacionais nacionais de renda per capita","IBGE POF 2017-2018 (microdados via aferir.inputs.pof.le_despesas; decis populacionais nacionais de renda per capita â€” pof_boot_uc.parquet, regra de aferir.inputs.pof.decis_renda); matriz_pof_ibs_v5.csv; LC 214/2025"
alimentos_60,10,10.517298397894875,6.310379038736924,0.2796799530964927,4.501169161766346,"beneficio_cd = Î£_{iâˆˆclasse} w_idÂ·(1âˆ’m_i), w_id = despesa POF nacional itemĂ—decil (em campo, ex-combustĂ­veis; R$ bi/ano preĂ§os 15/01/2018); zfm: beneficio_d = 0,13Â·despesa_em_campo_AM_d; share = beneficio_cd Ă· Î£_d beneficio_cd; indice_pro_rico = share(decis 8-10) Ă· share(decis 1-3); decis populacionais nacionais de renda per capita","IBGE POF 2017-2018 (microdados via aferir.inputs.pof.le_despesas; decis populacionais nacionais de renda per capita â€” pof_boot_uc.parquet, regra de aferir.inputs.pof.decis_renda); matriz_pof_ibs_v5.csv; LC 214/2025"
demais_60,1,1.6327711374939207,0.9796626824963524,0.05583454960078861,2.08794442153455,"beneficio_cd = Î£_{iâˆˆclasse} w_idÂ·(1âˆ’m_i), w_id = despesa POF nacional itemĂ—decil (em campo, ex-combustĂ­veis; R$ bi/ano preĂ§os 15/01/2018); zfm: beneficio_d = 0,13Â·despesa_em_campo_AM_d; share = beneficio_cd Ă· Î£_d beneficio_cd; indice_pro_rico = share(decis 8-10) Ă· share(decis 1-3); decis populacionais nacionais de renda per capita","IBGE POF 2017-2018 (microdados via aferir.inputs.pof.le_despesas; decis populacionais nacionais de renda per capita â€” pof_boot_uc.parquet, regra de aferir.inputs.pof.decis_renda); matriz_pof_ibs_v5.csv; LC 214/2025"
demais_60,2,2.0793004889185416,1.2475802933511249,0.07110415147444299,2.08794442153455,"beneficio_cd = Î£_{iâˆˆclasse} w_idÂ·(1âˆ’m_i), w_id = despesa POF nacional itemĂ—decil (em campo, ex-combustĂ­veis; R$ bi/ano preĂ§os 15/01/2018); zfm: beneficio_d = 0,13Â·despesa_em_campo_AM_d; share = beneficio_cd Ă· Î£_d beneficio_cd; indice_pro_rico = share(decis 8-10) Ă· share(decis 1-3); decis populacionais nacionais de renda per capita","IBGE POF 2017-2018 (microdados via aferir.inputs.pof.le_despesas; decis populacionais nacionais de renda per capita â€” pof_boot_uc.parquet, regra de aferir.inputs.pof.decis_renda); matriz_pof_ibs_v5.csv; LC 214/2025"
demais_60,3,2.233269723170519,1.3399618339023114,0.07636931243266055,2.08794442153455,"beneficio_cd = Î£_{iâˆˆclasse} w_idÂ·(1âˆ’m_i), w_id = despesa POF nacional itemĂ—decil (em campo, ex-combustĂ­veis; R$ bi/ano preĂ§os 15/01/2018); zfm: beneficio_d = 0,13Â·despesa_em_campo_AM_d; share = beneficio_cd Ă· Î£_d beneficio_cd; indice_pro_rico = share(decis 8-10) Ă· share(decis 1-3); decis populacionais nacionais de renda per capita","IBGE POF 2017-2018 (microdados via aferir.inputs.pof.le_despesas; decis populacionais nacionais de renda per capita â€” pof_boot_uc.parquet, regra de aferir.inputs.pof.decis_renda); matriz_pof_ibs_v5.csv; LC 214/2025"
demais_60,4,2.3765709550395555,1.4259425730237334,0.08126966837043548,2.08794442153455,"beneficio_cd = Î£_{iâˆˆclasse} w_idÂ·(1âˆ’m_i), w_id = despesa POF nacional itemĂ—decil (em campo, ex-combustĂ­veis; R$ bi/ano preĂ§os 15/01/2018); zfm: beneficio_d = 0,13Â·despesa_em_campo_AM_d; share = beneficio_cd Ă· Î£_d beneficio_cd; indice_pro_rico = share(decis 8-10) Ă· share(decis 1-3); decis populacionais nacionais de renda per capita","IBGE POF 2017-2018 (microdados via aferir.inputs.pof.le_despesas; decis populacionais nacionais de renda per capita â€” pof_boot_uc.parquet, regra de aferir.inputs.pof.decis_renda); matriz_pof_ibs_v5.csv; LC 214/2025"
demais_60,5,2.63699302386826,1.5821958143209562,0.09017511052656892,2.08794442153455,"beneficio_cd = Î£_{iâˆˆclasse} w_idÂ·(1âˆ’m_i), w_id = despesa POF nacional itemĂ—decil (em campo, ex-combustĂ­veis; R$ bi/ano preĂ§os 15/01/2018); zfm: beneficio_d = 0,13Â·despesa_em_campo_AM_d; share = beneficio_cd Ă· Î£_d beneficio_cd; indice_pro_rico = share(decis 8-10) Ă· share(decis 1-3); decis populacionais nacionais de renda per capita","IBGE POF 2017-2018 (microdados via aferir.inputs.pof.le_despesas; decis populacionais nacionais de renda per capita â€” pof_boot_uc.parquet, regra de aferir.inputs.pof.decis_renda); matriz_pof_ibs_v5.csv; LC 214/2025"
demais_60,6,2.79253633449132,1.675521800694792,0.09549409889709089,2.08794442153455,"beneficio_cd = Î£_{iâˆˆclasse} w_idÂ·(1âˆ’m_i), w_id = despesa POF nacional itemĂ—decil (em campo, ex-combustĂ­veis; R$ bi/ano preĂ§os 15/01/2018); zfm: beneficio_d = 0,13Â·despesa_em_campo_AM_d; share = beneficio_cd Ă· Î£_d beneficio_cd; indice_pro_rico = share(decis 8-10) Ă· share(decis 1-3); decis populacionais nacionais de renda per capita","IBGE POF 2017-2018 (microdados via aferir.inputs.pof.le_despesas; decis populacionais nacionais de renda per capita â€” pof_boot_uc.parquet, regra de aferir.inputs.pof.decis_renda); matriz_pof_ibs_v5.csv; LC 214/2025"
demais_60,7,3.0780411691267027,1.8468247014760217,0.10525727604093821,2.08794442153455,"beneficio_cd = Î£_{iâˆˆclasse} w_idÂ·(1âˆ’m_i), w_id = despesa POF nacional itemĂ—decil (em campo, ex-combustĂ­veis; R$ bi/ano preĂ§os 15/01/2018); zfm: beneficio_d = 0,13Â·despesa_em_campo_AM_d; share = beneficio_cd Ă· Î£_d beneficio_cd; indice_pro_rico = share(decis 8-10) Ă· share(decis 1-3); decis populacionais nacionais de renda per capita","IBGE POF 2017-2018 (microdados via aferir.inputs.pof.le_despesas; decis populacionais nacionais de renda per capita â€” pof_boot_uc.parquet, regra de aferir.inputs.pof.decis_renda); matriz_pof_ibs_v5.csv; LC 214/2025"
demais_60,8,3.524265958904088,2.1145595753424526,0.12051646306709278,2.08794442153455,"beneficio_cd = Î£_{iâˆˆclasse} w_idÂ·(1âˆ’m_i), w_id = despesa POF nacional itemĂ—decil (em campo, ex-combustĂ­veis; R$ bi/ano preĂ§os 15/01/2018); zfm: beneficio_d = 0,13Â·despesa_em_campo_AM_d; share = beneficio_cd Ă· Î£_d beneficio_cd; indice_pro_rico = share(decis 8-10) Ă· share(decis 1-3); decis populacionais nacionais de renda per capita","IBGE POF 2017-2018 (microdados via aferir.inputs.pof.le_despesas; decis populacionais nacionais de renda per capita â€” pof_boot_uc.parquet, regra de aferir.inputs.pof.decis_renda); matriz_pof_ibs_v5.csv; LC 214/2025"
demais_60,9,3.8789628074059257,2.3273776844435554,0.132645743360053,2.08794442153455,"beneficio_cd = Î£_{iâˆˆclasse} w_idÂ·(1âˆ’m_i), w_id = despesa POF nacional itemĂ—decil (em campo, ex-combustĂ­veis; R$ bi/ano preĂ§os 15/01/2018); zfm: beneficio_d = 0,13Â·despesa_em_campo_AM_d; share = beneficio_cd Ă· Î£_d beneficio_cd; indice_pro_rico = share(decis 8-10) Ă· share(decis 1-3); decis populacionais nacionais de renda per capita","IBGE POF 2017-2018 (microdados via aferir.inputs.pof.le_despesas; decis populacionais nacionais de renda per capita â€” pof_boot_uc.parquet, regra de aferir.inputs.pof.decis_renda); matriz_pof_ibs_v5.csv; LC 214/2025"
demais_60,10,5.010313538670466,3.006188123202279,0.17133362622992862,2.08794442153455,"beneficio_cd = Î£_{iâˆˆclasse} w_idÂ·(1âˆ’m_i), w_id = despesa POF nacional itemĂ—decil (em campo, ex-combustĂ­veis; R$ bi/ano preĂ§os 15/01/2018); zfm: beneficio_d = 0,13Â·despesa_em_campo_AM_d; share = beneficio_cd Ă· Î£_d beneficio_cd; indice_pro_rico = share(decis 8-10) Ă· share(decis 1-3); decis populacionais nacionais de renda per capita","IBGE POF 2017-2018 (microdados via aferir.inputs.pof.le_despesas; decis populacionais nacionais de renda per capita â€” pof_boot_uc.parquet, regra de aferir.inputs.pof.decis_renda); matriz_pof_ibs_v5.csv; LC 214/2025"
reducao_40_especificos,1,3.388673346370866,1.3554693385483465,0.016694034322086482,7.486613082967654,"beneficio_cd = Î£_{iâˆˆclasse} w_idÂ·(1âˆ’m_i), w_id = despesa POF nacional itemĂ—decil (em campo, ex-combustĂ­veis; R$ bi/ano preĂ§os 15/01/2018); zfm: beneficio_d = 0,13Â·despesa_em_campo_AM_d; share = beneficio_cd Ă· Î£_d beneficio_cd; indice_pro_rico = share(decis 8-10) Ă· share(decis 1-3); decis populacionais nacionais de renda per capita","IBGE POF 2017-2018 (microdados via aferir.inputs.pof.le_despesas; decis populacionais nacionais de renda per capita â€” pof_boot_uc.parquet, regra de aferir.inputs.pof.decis_renda); matriz_pof_ibs_v5.csv; LC 214/2025"
reducao_40_especificos,2,6.351844097508572,2.540737639003429,0.03129186337358627,7.486613082967654,"beneficio_cd = Î£_{iâˆˆclasse} w_idÂ·(1âˆ’m_i), w_id = despesa POF nacional itemĂ—decil (em campo, ex-combustĂ­veis; R$ bi/ano preĂ§os 15/01/2018); zfm: beneficio_d = 0,13Â·despesa_em_campo_AM_d; share = beneficio_cd Ă· Î£_d beneficio_cd; indice_pro_rico = share(decis 8-10) Ă· share(decis 1-3); decis populacionais nacionais de renda per capita","IBGE POF 2017-2018 (microdados via aferir.inputs.pof.le_despesas; decis populacionais nacionais de renda per capita â€” pof_boot_uc.parquet, regra de aferir.inputs.pof.decis_renda); matriz_pof_ibs_v5.csv; LC 214/2025"
reducao_40_especificos,3,7.7375992547777335,3.0950397019110936,0.03811867782067223,7.486613082967654,"beneficio_cd = Î£_{iâˆˆclasse} w_idÂ·(1âˆ’m_i), w_id = despesa POF nacional itemĂ—decil (em campo, ex-combustĂ­veis; R$ bi/ano preĂ§os 15/01/2018); zfm: beneficio_d = 0,13Â·despesa_em_campo_AM_d; share = beneficio_cd Ă· Î£_d beneficio_cd; indice_pro_rico = share(decis 8-10) Ă· share(decis 1-3); decis populacionais nacionais de renda per capita","IBGE POF 2017-2018 (microdados via aferir.inputs.pof.le_despesas; decis populacionais nacionais de renda per capita â€” pof_boot_uc.parquet, regra de aferir.inputs.pof.decis_renda); matriz_pof_ibs_v5.csv; LC 214/2025"
reducao_40_especificos,4,9.503622935996479,3.8014491743985914,0.0468188554224636,7.486613082967654,"beneficio_cd = Î£_{iâˆˆclasse} w_idÂ·(1âˆ’m_i), w_id = despesa POF nacional itemĂ—decil (em campo, ex-combustĂ­veis; R$ bi/ano preĂ§os 15/01/2018); zfm: beneficio_d = 0,13Â·despesa_em_campo_AM_d; share = beneficio_cd Ă· Î£_d beneficio_cd; indice_pro_rico = share(decis 8-10) Ă· share(decis 1-3); decis populacionais nacionais de renda per capita","IBGE POF 2017-2018 (microdados via aferir.inputs.pof.le_despesas; decis populacionais nacionais de renda per capita â€” pof_boot_uc.parquet, regra de aferir.inputs.pof.decis_renda); matriz_pof_ibs_v5.csv; LC 214/2025"
reducao_40_especificos,5,12.411647013848867,4.964658805539547,0.06114500869926533,7.486613082967654,"beneficio_cd = Î£_{iâˆˆclasse} w_idÂ·(1âˆ’m_i), w_id = despesa POF nacional itemĂ—decil (em campo, ex-combustĂ­veis; R$ bi/ano preĂ§os 15/01/2018); zfm: beneficio_d = 0,13Â·despesa_em_campo_AM_d; share = beneficio_cd Ă· Î£_d beneficio_cd; indice_pro_rico = share(decis 8-10) Ă· share(decis 1-3); decis populacionais nacionais de renda per capita","IBGE POF 2017-2018 (microdados via aferir.inputs.pof.le_despesas; decis populacionais nacionais de renda per capita â€” pof_boot_uc.parquet, regra de aferir.inputs.pof.decis_renda); matriz_pof_ibs_v5.csv; LC 214/2025"
reducao_40_especificos,6,14.734903599614942,5.8939614398459765,0.07259035064210233,7.486613082967654,"beneficio_cd = Î£_{iâˆˆclasse} w_idÂ·(1âˆ’m_i), w_id = despesa POF nacional itemĂ—decil (em campo, ex-combustĂ­veis; R$ bi/ano preĂ§os 15/01/2018); zfm: beneficio_d = 0,13Â·despesa_em_campo_AM_d; share = beneficio_cd Ă· Î£_d beneficio_cd; indice_pro_rico = share(decis 8-10) Ă· share(decis 1-3); decis populacionais nacionais de renda per capita","IBGE POF 2017-2018 (microdados via aferir.inputs.pof.le_despesas; decis populacionais nacionais de renda per capita â€” pof_boot_uc.parquet, regra de aferir.inputs.pof.decis_renda); matriz_pof_ibs_v5.csv; LC 214/2025"
reducao_40_especificos,7,18.006896558242303,7.202758623296922,0.08870956815577898,7.486613082967654,"beneficio_cd = Î£_{iâˆˆclasse} w_idÂ·(1âˆ’m_i), w_id = despesa POF nacional itemĂ—decil (em campo, ex-combustĂ­veis; R$ bi/ano preĂ§os 15/01/2018); zfm: beneficio_d = 0,13Â·despesa_em_campo_AM_d; share = beneficio_cd Ă· Î£_d beneficio_cd; indice_pro_rico = share(decis 8-10) Ă· share(decis 1-3); decis populacionais nacionais de renda per capita","IBGE POF 2017-2018 (microdados via aferir.inputs.pof.le_despesas; decis populacionais nacionais de renda per capita â€” pof_boot_uc.parquet, regra de aferir.inputs.pof.decis_renda); matriz_pof_ibs_v5.csv; LC 214/2025"
reducao_40_especificos,8,22.204613691654284,8.881845476661715,0.10938929344551207,7.486613082967654,"beneficio_cd = Î£_{iâˆˆclasse} w_idÂ·(1âˆ’m_i), w_id = despesa POF nacional itemĂ—decil (em campo, ex-combustĂ­veis; R$ bi/ano preĂ§os 15/01/2018); zfm: beneficio_d = 0,13Â·despesa_em_campo_AM_d; share = beneficio_cd Ă· Î£_d beneficio_cd; indice_pro_rico = share(decis 8-10) Ă· share(decis 1-3); decis populacionais nacionais de renda per capita","IBGE POF 2017-2018 (microdados via aferir.inputs.pof.le_despesas; decis populacionais nacionais de renda per capita â€” pof_boot_uc.parquet, regra de aferir.inputs.pof.decis_renda); matriz_pof_ibs_v5.csv; LC 214/2025"
reducao_40_especificos,9,33.22998885409118,13.291995541636473,0.16370494224439086,7.486613082967654,"beneficio_cd = Î£_{iâˆˆclasse} w_idÂ·(1âˆ’m_i), w_id = despesa POF nacional itemĂ—decil (em campo, ex-combustĂ­veis; R$ bi/ano preĂ§os 15/01/2018); zfm: beneficio_d = 0,13Â·despesa_em_campo_AM_d; share = beneficio_cd Ă· Î£_d beneficio_cd; indice_pro_rico = share(decis 8-10) Ă· share(decis 1-3); decis populacionais nacionais de renda per capita","IBGE POF 2017-2018 (microdados via aferir.inputs.pof.le_despesas; decis populacionais nacionais de renda per capita â€” pof_boot_uc.parquet, regra de aferir.inputs.pof.decis_renda); matriz_pof_ibs_v5.csv; LC 214/2025"
reducao_40_especificos,10,75.41729459605675,30.1669178384227,0.3715374058741418,7.486613082967654,"beneficio_cd = Î£_{iâˆˆclasse} w_idÂ·(1âˆ’m_i), w_id = despesa POF nacional itemĂ—decil (em campo, ex-combustĂ­veis; R$ bi/ano preĂ§os 15/01/2018); zfm: beneficio_d = 0,13Â·despesa_em_campo_AM_d; share = beneficio_cd Ă· Î£_d beneficio_cd; indice_pro_rico = share(decis 8-10) Ă· share(decis 1-3); decis populacionais nacionais de renda per capita","IBGE POF 2017-2018 (microdados via aferir.inputs.pof.le_despesas; decis populacionais nacionais de renda per capita â€” pof_boot_uc.parquet, regra de aferir.inputs.pof.decis_renda); matriz_pof_ibs_v5.csv; LC 214/2025"
reducao_30,1,0.20735990125355971,0.06220797037606793,0.008448105862189727,12.941253556867713,"beneficio_cd = Î£_{iâˆˆclasse} w_idÂ·(1âˆ’m_i), w_id = despesa POF nacional itemĂ—decil (em campo, ex-combustĂ­veis; R$ bi/ano preĂ§os 15/01/2018); zfm: beneficio_d = 0,13Â·despesa_em_campo_AM_d; share = beneficio_cd Ă· Î£_d beneficio_cd; indice_pro_rico = share(decis 8-10) Ă· share(decis 1-3); decis populacionais nacionais de renda per capita","IBGE POF 2017-2018 (microdados via aferir.inputs.pof.le_despesas; decis populacionais nacionais de renda per capita â€” pof_boot_uc.parquet, regra de aferir.inputs.pof.decis_renda); matriz_pof_ibs_v5.csv; LC 214/2025"
reducao_30,2,0.48118747315346505,0.14435624194603952,0.019604189084702624,12.941253556867713,"beneficio_cd = Î£_{iâˆˆclasse} w_idÂ·(1âˆ’m_i), w_id = despesa POF nacional itemĂ—decil (em campo, ex-combustĂ­veis; R$ bi/ano preĂ§os 15/01/2018); zfm: beneficio_d = 0,13Â·despesa_em_campo_AM_d; share = beneficio_cd Ă· Î£_d beneficio_cd; indice_pro_rico = share(decis 8-10) Ă· share(decis 1-3); decis populacionais nacionais de renda per capita","IBGE POF 2017-2018 (microdados via aferir.inputs.pof.le_despesas; decis populacionais nacionais de renda per capita â€” pof_boot_uc.parquet, regra de aferir.inputs.pof.decis_renda); matriz_pof_ibs_v5.csv; LC 214/2025"
reducao_30,3,0.7509918417797842,0.2252975525339353,0.03059636189370311,12.941253556867713,"beneficio_cd = Î£_{iâˆˆclasse} w_idÂ·(1âˆ’m_i), w_id = despesa POF nacional itemĂ—decil (em campo, ex-combustĂ­veis; R$ bi/ano preĂ§os 15/01/2018); zfm: beneficio_d = 0,13Â·despesa_em_campo_AM_d; share = beneficio_cd Ă· Î£_d beneficio_cd; indice_pro_rico = share(decis 8-10) Ă· share(decis 1-3); decis populacionais nacionais de renda per capita","IBGE POF 2017-2018 (microdados via aferir.inputs.pof.le_despesas; decis populacionais nacionais de renda per capita â€” pof_boot_uc.parquet, regra de aferir.inputs.pof.decis_renda); matriz_pof_ibs_v5.csv; LC 214/2025"
reducao_30,4,0.7092002232352286,0.2127600669705686,0.028893718251020547,12.941253556867713,"beneficio_cd = Î£_{iâˆˆclasse} w_idÂ·(1âˆ’m_i), w_id = despesa POF nacional itemĂ—decil (em campo, ex-combustĂ­veis; R$ bi/ano preĂ§os 15/01/2018); zfm: beneficio_d = 0,13Â·despesa_em_campo_AM_d; share = beneficio_cd Ă· Î£_d beneficio_cd; indice_pro_rico = share(decis 8-10) Ă· share(decis 1-3); decis populacionais nacionais de renda per capita","IBGE POF 2017-2018 (microdados via aferir.inputs.pof.le_despesas; decis populacionais nacionais de renda per capita â€” pof_boot_uc.parquet, regra de aferir.inputs.pof.decis_renda); matriz_pof_ibs_v5.csv; LC 214/2025"
reducao_30,5,0.8290047332286887,0.24870141996860665,0.03377470621963892,12.941253556867713,"beneficio_cd = Î£_{iâˆˆclasse} w_idÂ·(1âˆ’m_i), w_id = despesa POF nacional itemĂ—decil (em campo, ex-combustĂ­veis; R$ bi/ano preĂ§os 15/01/2018); zfm: beneficio_d = 0,13Â·despesa_em_campo_AM_d; share = beneficio_cd Ă· Î£_d beneficio_cd; indice_pro_rico = share(decis 8-10) Ă· share(decis 1-3); decis populacionais nacionais de renda per capita","IBGE POF 2017-2018 (microdados via aferir.inputs.pof.le_despesas; decis populacionais nacionais de renda per capita â€” pof_boot_uc.parquet, regra de aferir.inputs.pof.decis_renda); matriz_pof_ibs_v5.csv; LC 214/2025"
reducao_30,6,1.2777617870375604,0.3833285361112682,0.05205763881202044,12.941253556867713,"beneficio_cd = Î£_{iâˆˆclasse} w_idÂ·(1âˆ’m_i), w_id = despesa POF nacional itemĂ—decil (em campo, ex-combustĂ­veis; R$ bi/ano preĂ§os 15/01/2018); zfm: beneficio_d = 0,13Â·despesa_em_campo_AM_d; share = beneficio_cd Ă· Î£_d beneficio_cd; indice_pro_rico = share(decis 8-10) Ă· share(decis 1-3); decis populacionais nacionais de renda per capita","IBGE POF 2017-2018 (microdados via aferir.inputs.pof.le_despesas; decis populacionais nacionais de renda per capita â€” pof_boot_uc.parquet, regra de aferir.inputs.pof.decis_renda); matriz_pof_ibs_v5.csv; LC 214/2025"
reducao_30,7,1.6601873193354797,0.498056195800644,0.06763814093285474,12.941253556867713,"beneficio_cd = Î£_{iâˆˆclasse} w_idÂ·(1âˆ’m_i), w_id = despesa POF nacional itemĂ—decil (em campo, ex-combustĂ­veis; R$ bi/ano preĂ§os 15/01/2018); zfm: beneficio_d = 0,13Â·despesa_em_campo_AM_d; share = beneficio_cd Ă· Î£_d beneficio_cd; indice_pro_rico = share(decis 8-10) Ă· share(decis 1-3); decis populacionais nacionais de renda per capita","IBGE POF 2017-2018 (microdados via aferir.inputs.pof.le_despesas; decis populacionais nacionais de renda per capita â€” pof_boot_uc.parquet, regra de aferir.inputs.pof.decis_renda); matriz_pof_ibs_v5.csv; LC 214/2025"
reducao_30,8,3.22937040616067,0.9688111218482012,0.131568653797281,12.941253556867713,"beneficio_cd = Î£_{iâˆˆclasse} w_idÂ·(1âˆ’m_i), w_id = despesa POF nacional itemĂ—decil (em campo, ex-combustĂ­veis; R$ bi/ano preĂ§os 15/01/2018); zfm: beneficio_d = 0,13Â·despesa_em_campo_AM_d; share = beneficio_cd Ă· Î£_d beneficio_cd; indice_pro_rico = share(decis 8-10) Ă· share(decis 1-3); decis populacionais nacionais de renda per capita","IBGE POF 2017-2018 (microdados via aferir.inputs.pof.le_despesas; decis populacionais nacionais de renda per capita â€” pof_boot_uc.parquet, regra de aferir.inputs.pof.decis_renda); matriz_pof_ibs_v5.csv; LC 214/2025"
reducao_30,9,4.321793606676838,1.2965380820030514,0.17607536309103008,12.941253556867713,"beneficio_cd = Î£_{iâˆˆclasse} w_idÂ·(1âˆ’m_i), w_id = despesa POF nacional itemĂ—decil (em campo, ex-combustĂ­veis; R$ bi/ano preĂ§os 15/01/2018); zfm: beneficio_d = 0,13Â·despesa_em_campo_AM_d; share = beneficio_cd Ă· Î£_d beneficio_cd; indice_pro_rico = share(decis 8-10) Ă· share(decis 1-3); decis populacionais nacionais de renda per capita","IBGE POF 2017-2018 (microdados via aferir.inputs.pof.le_despesas; decis populacionais nacionais de renda per capita â€” pof_boot_uc.parquet, regra de aferir.inputs.pof.decis_renda); matriz_pof_ibs_v5.csv; LC 214/2025"
reducao_30,10,11.078277988890592,3.323483396667178,0.4513431220555588,12.941253556867713,"beneficio_cd = Î£_{iâˆˆclasse} w_idÂ·(1âˆ’m_i), w_id = despesa POF nacional itemĂ—decil (em campo, ex-combustĂ­veis; R$ bi/ano preĂ§os 15/01/2018); zfm: beneficio_d = 0,13Â·despesa_em_campo_AM_d; share = beneficio_cd Ă· Î£_d beneficio_cd; indice_pro_rico = share(decis 8-10) Ă· share(decis 1-3); decis populacionais nacionais de renda per capita","IBGE POF 2017-2018 (microdados via aferir.inputs.pof.le_despesas; decis populacionais nacionais de renda per capita â€” pof_boot_uc.parquet, regra de aferir.inputs.pof.decis_renda); matriz_pof_ibs_v5.csv; LC 214/2025"
reducao_70_imoveis,1,3.2383375521453677,2.266836286501757,0.03768866284641516,3.320560246525427,"beneficio_cd = Î£_{iâˆˆclasse} w_idÂ·(1âˆ’m_i), w_id = despesa POF nacional itemĂ—decil (em campo, ex-combustĂ­veis; R$ bi/ano preĂ§os 15/01/2018); zfm: beneficio_d = 0,13Â·despesa_em_campo_AM_d; share = beneficio_cd Ă· Î£_d beneficio_cd; indice_pro_rico = share(decis 8-10) Ă· share(decis 1-3); decis populacionais nacionais de renda per capita","IBGE POF 2017-2018 (microdados via aferir.inputs.pof.le_despesas; decis populacionais nacionais de renda per capita â€” pof_boot_uc.parquet, regra de aferir.inputs.pof.decis_renda); matriz_pof_ibs_v5.csv; LC 214/2025"
reducao_70_imoveis,2,4.197934002443424,2.938553801710397,0.048856710185995515,3.320560246525427,"beneficio_cd = Î£_{iâˆˆclasse} w_idÂ·(1âˆ’m_i), w_id = despesa POF nacional itemĂ—decil (em campo, ex-combustĂ­veis; R$ bi/ano preĂ§os 15/01/2018); zfm: beneficio_d = 0,13Â·despesa_em_campo_AM_d; share = beneficio_cd Ă· Î£_d beneficio_cd; indice_pro_rico = share(decis 8-10) Ă· share(decis 1-3); decis populacionais nacionais de renda per capita","IBGE POF 2017-2018 (microdados via aferir.inputs.pof.le_despesas; decis populacionais nacionais de renda per capita â€” pof_boot_uc.parquet, regra de aferir.inputs.pof.decis_renda); matriz_pof_ibs_v5.csv; LC 214/2025"
reducao_70_imoveis,3,5.90561424409081,4.133929970863567,0.06873116238270832,3.320560246525427,"beneficio_cd = Î£_{iâˆˆclasse} w_idÂ·(1âˆ’m_i), w_id = despesa POF nacional itemĂ—decil (em campo, ex-combustĂ­veis; R$ bi/ano preĂ§os 15/01/2018); zfm: beneficio_d = 0,13Â·despesa_em_campo_AM_d; share = beneficio_cd Ă· Î£_d beneficio_cd; indice_pro_rico = share(decis 8-10) Ă· share(decis 1-3); decis populacionais nacionais de renda per capita","IBGE POF 2017-2018 (microdados via aferir.inputs.pof.le_despesas; decis populacionais nacionais de renda per capita â€” pof_boot_uc.parquet, regra de aferir.inputs.pof.decis_renda); matriz_pof_ibs_v5.csv; LC 214/2025"
reducao_70_imoveis,4,5.808289782341372,4.0658028476389605,0.06759847353649669,3.320560246525427,"beneficio_cd = Î£_{iâˆˆclasse} w_idÂ·(1âˆ’m_i), w_id = despesa POF nacional itemĂ—decil (em campo, ex-combustĂ­veis; R$ bi/ano preĂ§os 15/01/2018); zfm: beneficio_d = 0,13Â·despesa_em_campo_AM_d; share = beneficio_cd Ă· Î£_d beneficio_cd; indice_pro_rico = share(decis 8-10) Ă· share(decis 1-3); decis populacionais nacionais de renda per capita","IBGE POF 2017-2018 (microdados via aferir.inputs.pof.le_despesas; decis populacionais nacionais de renda per capita â€” pof_boot_uc.parquet, regra de aferir.inputs.pof.decis_renda); matriz_pof_ibs_v5.csv; LC 214/2025"
reducao_70_imoveis,5,6.030675661982607,4.221472963387825,0.07018666155106895,3.320560246525427,"beneficio_cd = Î£_{iâˆˆclasse} w_idÂ·(1âˆ’m_i), w_id = despesa POF nacional itemĂ—decil (em campo, ex-combustĂ­veis; R$ bi/ano preĂ§os 15/01/2018); zfm: beneficio_d = 0,13Â·despesa_em_campo_AM_d; share = beneficio_cd Ă· Î£_d beneficio_cd; indice_pro_rico = share(decis 8-10) Ă· share(decis 1-3); decis populacionais nacionais de renda per capita","IBGE POF 2017-2018 (microdados via aferir.inputs.pof.le_despesas; decis populacionais nacionais de renda per capita â€” pof_boot_uc.parquet, regra de aferir.inputs.pof.decis_renda); matriz_pof_ibs_v5.csv; LC 214/2025"
reducao_70_imoveis,6,7.894979062279084,5.5264853435953585,0.09188393713330424,3.320560246525427,"beneficio_cd = Î£_{iâˆˆclasse} w_idÂ·(1âˆ’m_i), w_id = despesa POF nacional itemĂ—decil (em campo, ex-combustĂ­veis; R$ bi/ano preĂ§os 15/01/2018); zfm: beneficio_d = 0,13Â·despesa_em_campo_AM_d; share = beneficio_cd Ă· Î£_d beneficio_cd; indice_pro_rico = share(decis 8-10) Ă· share(decis 1-3); decis populacionais nacionais de renda per capita","IBGE POF 2017-2018 (microdados via aferir.inputs.pof.le_despesas; decis populacionais nacionais de renda per capita â€” pof_boot_uc.parquet, regra de aferir.inputs.pof.decis_renda); matriz_pof_ibs_v5.csv; LC 214/2025"
reducao_70_imoveis,7,8.545020802899167,5.981514562029416,0.09944930164636948,3.320560246525427,"beneficio_cd = Î£_{iâˆˆclasse} w_idÂ·(1âˆ’m_i), w_id = despesa POF nacional itemĂ—decil (em campo, ex-combustĂ­veis; R$ bi/ano preĂ§os 15/01/2018); zfm: beneficio_d = 0,13Â·despesa_em_campo_AM_d; share = beneficio_cd Ă· Î£_d beneficio_cd; indice_pro_rico = share(decis 8-10) Ă· share(decis 1-3); decis populacionais nacionais de renda per capita","IBGE POF 2017-2018 (microdados via aferir.inputs.pof.le_despesas; decis populacionais nacionais de renda per capita â€” pof_boot_uc.parquet, regra de aferir.inputs.pof.decis_renda); matriz_pof_ibs_v5.csv; LC 214/2025"
reducao_70_imoveis,8,9.843908845140849,6.890736191598593,0.11456611782473726,3.320560246525427,"beneficio_cd = Î£_{iâˆˆclasse} w_idÂ·(1âˆ’m_i), w_id = despesa POF nacional itemĂ—decil (em campo, ex-combustĂ­veis; R$ bi/ano preĂ§os 15/01/2018); zfm: beneficio_d = 0,13Â·despesa_em_campo_AM_d; share = beneficio_cd Ă· Î£_d beneficio_cd; indice_pro_rico = share(decis 8-10) Ă· share(decis 1-3); decis populacionais nacionais de renda per capita","IBGE POF 2017-2018 (microdados via aferir.inputs.pof.le_despesas; decis populacionais nacionais de renda per capita â€” pof_boot_uc.parquet, regra de aferir.inputs.pof.decis_renda); matriz_pof_ibs_v5.csv; LC 214/2025"
reducao_70_imoveis,9,12.110653155367443,8.47745720875721,0.14094711137204768,3.320560246525427,"beneficio_cd = Î£_{iâˆˆclasse} w_idÂ·(1âˆ’m_i), w_id = despesa POF nacional itemĂ—decil (em campo, ex-combustĂ­veis; R$ bi/ano preĂ§os 15/01/2018); zfm: beneficio_d = 0,13Â·despesa_em_campo_AM_d; share = beneficio_cd Ă· Î£_d beneficio_cd; indice_pro_rico = share(decis 8-10) Ă· share(decis 1-3); decis populacionais nacionais de renda per capita","IBGE POF 2017-2018 (microdados via aferir.inputs.pof.le_despesas; decis populacionais nacionais de renda per capita â€” pof_boot_uc.parquet, regra de aferir.inputs.pof.decis_renda); matriz_pof_ibs_v5.csv; LC 214/2025"
reducao_70_imoveis,10,22.347973596269338,15.643581517388535,0.2600918615208567,3.320560246525427,"beneficio_cd = Î£_{iâˆˆclasse} w_idÂ·(1âˆ’m_i), w_id = despesa POF nacional itemĂ—decil (em campo, ex-combustĂ­veis; R$ bi/ano preĂ§os 15/01/2018); zfm: beneficio_d = 0,13Â·despesa_em_campo_AM_d; share = beneficio_cd Ă· Î£_d beneficio_cd; indice_pro_rico = share(decis 8-10) Ă· share(decis 1-3); decis populacionais nacionais de renda per capita","IBGE POF 2017-2018 (microdados via aferir.inputs.pof.le_despesas; decis populacionais nacionais de renda per capita â€” pof_boot_uc.parquet, regra de aferir.inputs.pof.decis_renda); matriz_pof_ibs_v5.csv; LC 214/2025"
zfm,1,2.6355175069587164,0.34261727590463315,0.10691372844657383,1.200779327861393,"beneficio_cd = Î£_{iâˆˆclasse} w_idÂ·(1âˆ’m_i), w_id = despesa POF nacional itemĂ—decil (em campo, ex-combustĂ­veis; R$ bi/ano preĂ§os 15/01/2018); zfm: beneficio_d = 0,13Â·despesa_em_campo_AM_d; share = beneficio_cd Ă· Î£_d beneficio_cd; indice_pro_rico = share(decis 8-10) Ă· share(decis 1-3); decis populacionais nacionais de renda per capita","IBGE POF 2017-2018 (microdados via aferir.inputs.pof.le_despesas; decis populacionais nacionais de renda per capita â€” pof_boot_uc.parquet, regra de aferir.inputs.pof.decis_renda); matriz_pof_ibs_v5.csv; LC 214/2025"
zfm,2,2.3610366835953513,0.3069347688673956,0.09577900134444704,1.200779327861393,"beneficio_cd = Î£_{iâˆˆclasse} w_idÂ·(1âˆ’m_i), w_id = despesa POF nacional itemĂ—decil (em campo, ex-combustĂ­veis; R$ bi/ano preĂ§os 15/01/2018); zfm: beneficio_d = 0,13Â·despesa_em_campo_AM_d; share = beneficio_cd Ă· Î£_d beneficio_cd; indice_pro_rico = share(decis 8-10) Ă· share(decis 1-3); decis populacionais nacionais de renda per capita","IBGE POF 2017-2018 (microdados via aferir.inputs.pof.le_despesas; decis populacionais nacionais de renda per capita â€” pof_boot_uc.parquet, regra de aferir.inputs.pof.decis_renda); matriz_pof_ibs_v5.csv; LC 214/2025"
zfm,3,2.4583435858708262,0.3195846661632074,0.09972640207253501,1.200779327861393,"beneficio_cd = Î£_{iâˆˆclasse} w_idÂ·(1âˆ’m_i), w_id = despesa POF nacional itemĂ—decil (em campo, ex-combustĂ­veis; R$ bi/ano preĂ§os 15/01/2018); zfm: beneficio_d = 0,13Â·despesa_em_campo_AM_d; share = beneficio_cd Ă· Î£_d beneficio_cd; indice_pro_rico = share(decis 8-10) Ă· share(decis 1-3); decis populacionais nacionais de renda per capita","IBGE POF 2017-2018 (microdados via aferir.inputs.pof.le_despesas; decis populacionais nacionais de renda per capita â€” pof_boot_uc.parquet, regra de aferir.inputs.pof.decis_renda); matriz_pof_ibs_v5.csv; LC 214/2025"
zfm,4,2.394426173722008,0.31127540258386105,0.09713349619069467,1.200779327861393,"beneficio_cd = Î£_{iâˆˆclasse} w_idÂ·(1âˆ’m_i), w_id = despesa POF nacional itemĂ—decil (em campo, ex-combustĂ­veis; R$ bi/ano preĂ§os 15/01/2018); zfm: beneficio_d = 0,13Â·despesa_em_campo_AM_d; share = beneficio_cd Ă· Î£_d beneficio_cd; indice_pro_rico = share(decis 8-10) Ă· share(decis 1-3); decis populacionais nacionais de renda per capita","IBGE POF 2017-2018 (microdados via aferir.inputs.pof.le_despesas; decis populacionais nacionais de renda per capita â€” pof_boot_uc.parquet, regra de aferir.inputs.pof.decis_renda); matriz_pof_ibs_v5.csv; LC 214/2025"
zfm,5,2.1962845440128578,0.2855169907216715,0.0890955832051986,1.200779327861393,"beneficio_cd = Î£_{iâˆˆclasse} w_idÂ·(1âˆ’m_i), w_id = despesa POF nacional itemĂ—decil (em campo, ex-combustĂ­veis; R$ bi/ano preĂ§os 15/01/2018); zfm: beneficio_d = 0,13Â·despesa_em_campo_AM_d; share = beneficio_cd Ă· Î£_d beneficio_cd; indice_pro_rico = share(decis 8-10) Ă· share(decis 1-3); decis populacionais nacionais de renda per capita","IBGE POF 2017-2018 (microdados via aferir.inputs.pof.le_despesas; decis populacionais nacionais de renda per capita â€” pof_boot_uc.parquet, regra de aferir.inputs.pof.decis_renda); matriz_pof_ibs_v5.csv; LC 214/2025"
zfm,6,1.856925143723034,0.24140026868399445,0.0753289591275439,1.200779327861393,"beneficio_cd = Î£_{iâˆˆclasse} w_idÂ·(1âˆ’m_i), w_id = despesa POF nacional itemĂ—decil (em campo, ex-combustĂ­veis; R$ bi/ano preĂ§os 15/01/2018); zfm: beneficio_d = 0,13Â·despesa_em_campo_AM_d; share = beneficio_cd Ă· Î£_d beneficio_cd; indice_pro_rico = share(decis 8-10) Ă· share(decis 1-3); decis populacionais nacionais de renda per capita","IBGE POF 2017-2018 (microdados via aferir.inputs.pof.le_despesas; decis populacionais nacionais de renda per capita â€” pof_boot_uc.parquet, regra de aferir.inputs.pof.decis_renda); matriz_pof_ibs_v5.csv; LC 214/2025"
zfm,7,1.7966593767830514,0.2335657189817967,0.07288418772146014,1.200779327861393,"beneficio_cd = Î£_{iâˆˆclasse} w_idÂ·(1âˆ’m_i), w_id = despesa POF nacional itemĂ—decil (em campo, ex-combustĂ­veis; R$ bi/ano preĂ§os 15/01/2018); zfm: beneficio_d = 0,13Â·despesa_em_campo_AM_d; share = beneficio_cd Ă· Î£_d beneficio_cd; indice_pro_rico = share(decis 8-10) Ă· share(decis 1-3); decis populacionais nacionais de renda per capita","IBGE POF 2017-2018 (microdados via aferir.inputs.pof.le_despesas; decis populacionais nacionais de renda per capita â€” pof_boot_uc.parquet, regra de aferir.inputs.pof.decis_renda); matriz_pof_ibs_v5.csv; LC 214/2025"
zfm,8,2.2236442187211454,0.2890737484337489,0.09020546952711643,1.200779327861393,"beneficio_cd = Î£_{iâˆˆclasse} w_idÂ·(1âˆ’m_i), w_id = despesa POF nacional itemĂ—decil (em campo, ex-combustĂ­veis; R$ bi/ano preĂ§os 15/01/2018); zfm: beneficio_d = 0,13Â·despesa_em_campo_AM_d; share = beneficio_cd Ă· Î£_d beneficio_cd; indice_pro_rico = share(decis 8-10) Ă· share(decis 1-3); decis populacionais nacionais de renda per capita","IBGE POF 2017-2018 (microdados via aferir.inputs.pof.le_despesas; decis populacionais nacionais de renda per capita â€” pof_boot_uc.parquet, regra de aferir.inputs.pof.decis_renda); matriz_pof_ibs_v5.csv; LC 214/2025"
zfm,9,2.9995557058586626,0.3899422417616261,0.12168148507828051,1.200779327861393,"beneficio_cd = Î£_{iâˆˆclasse} w_idÂ·(1âˆ’m_i), w_id = despesa POF nacional itemĂ—decil (em campo, ex-combustĂ­veis; R$ bi/ano preĂ§os 15/01/2018); zfm: beneficio_d = 0,13Â·despesa_em_campo_AM_d; share = beneficio_cd Ă· Î£_d beneficio_cd; indice_pro_rico = share(decis 8-10) Ă· share(decis 1-3); decis populacionais nacionais de renda per capita","IBGE POF 2017-2018 (microdados via aferir.inputs.pof.le_despesas; decis populacionais nacionais de renda per capita â€” pof_boot_uc.parquet, regra de aferir.inputs.pof.decis_renda); matriz_pof_ibs_v5.csv; LC 214/2025"
zfm,10,3.7284872166710703,0.48470333816723915,0.1512516872861497,1.200779327861393,"beneficio_cd = Î£_{iâˆˆclasse} w_idÂ·(1âˆ’m_i), w_id = despesa POF nacional itemĂ—decil (em campo, ex-combustĂ­veis; R$ bi/ano preĂ§os 15/01/2018); zfm: beneficio_d = 0,13Â·despesa_em_campo_AM_d; share = beneficio_cd Ă· Î£_d beneficio_cd; indice_pro_rico = share(decis 8-10) Ă· share(decis 1-3); decis populacionais nacionais de renda per capita","IBGE POF 2017-2018 (microdados via aferir.inputs.pof.le_despesas; decis populacionais nacionais de renda per capita â€” pof_boot_uc.parquet, regra de aferir.inputs.pof.decis_renda); matriz_pof_ibs_v5.csv; LC 214/2025"
