atividade,fonte_porte,medida,share_pequenas,propensao_b2c,peso_consumo,contribuicao_omega,produtos_tru,formula,fonte
industria_transformacao,"IBGE PIA-Empresa 1839/2023, receita líquida de vendas (v806), faixas 'Até 4' + '5 a 29' (corte até 29 pessoas, o mais próximo do <20 das demais pesquisas)",direta,0.07557685388404634,0.29657259057568996,0.5491288879125965,0.04150143372527917,10911+10912+10913+10914+10915+10916+10921+10931+10932+10933+10934+10935+10936+10937+11001+12001+13001+13002+13003+14001+15001+16001+17001+17002+18001+20911+20912+20913+20914+20921+20922+20923+20931+21001+22001+22002+23001+23002+23003+24911+24912+24921+24922+25001+26001+26002+26003+26004+27001+27002+28001+28002+28003+29911+29912+29921+30001+31801+31802+33001,share = receita ('Até 4' + '5 a 29') / Total (Indústrias de transformação); peso_consumo = Σ consumo_familias(produtos)/C_campo; propensao_b2c = Σ consumo_familias/Σ oferta; contribuicao = peso_consumo x share_pequenas,"IBGE PIA-Empresa 1839/2023, receita líquida de vendas (v806), faixas 'Até 4' + '5 a 29' (corte até 29 pessoas, o mais próximo do <20 das demais pesquisas) | IBGE TRU 2021 nível 68 (tru_2021_usos.parquet); campo = consumo das famílias exceto 68002/97001/19912/19921/19916 (base.TRU_PRODUTOS_REMOVIDOS) e 64801 (regime específico de serviços financeiros, Regulamento do IBS art. 600, §4º, I, 'b')"
industria_extrativa,"IBGE PIA-Empresa 1839/2023, receita líquida de vendas (v806), faixas 'Até 4' + '5 a 29' (corte até 29 pessoas, o mais próximo do <20 das demais pesquisas)",direta,0.08387106714529777,0.0,0.0,0.0,05801+05802+06801+07911+07921,share = receita ('Até 4' + '5 a 29') / Total (Indústrias extrativas); peso_consumo = Σ consumo_familias(produtos)/C_campo; propensao_b2c = Σ consumo_familias/Σ oferta; contribuicao = peso_consumo x share_pequenas,"IBGE PIA-Empresa 1839/2023, receita líquida de vendas (v806), faixas 'Até 4' + '5 a 29' (corte até 29 pessoas, o mais próximo do <20 das demais pesquisas) | IBGE TRU 2021 nível 68 (tru_2021_usos.parquet); campo = consumo das famílias exceto 68002/97001/19912/19921/19916 (base.TRU_PRODUTOS_REMOVIDOS) e 64801 (regime específico de serviços financeiros, Regulamento do IBS art. 600, §4º, I, 'b')"
comercio_reparacao_veiculos,"IBGE PAC 1399/2023, receita operacional líquida (v643), faixa 'Até 19' pessoas ocupadas",direta,0.21093823320850885,0.6654276864426971,0.0171172593556536,0.003610684445853389,45001,"share = receita 'Até 19' / Total (Comércio de veículos, peças e motocicletas); peso_consumo = Σ consumo_familias(produtos)/C_campo; propensao_b2c = Σ consumo_familias/Σ oferta; contribuicao = peso_consumo x share_pequenas","IBGE PAC 1399/2023, receita operacional líquida (v643), faixa 'Até 19' pessoas ocupadas | IBGE TRU 2021 nível 68 (tru_2021_usos.parquet); campo = consumo das famílias exceto 68002/97001/19912/19921/19916 (base.TRU_PRODUTOS_REMOVIDOS) e 64801 (regime específico de serviços financeiros, Regulamento do IBS art. 600, §4º, I, 'b')"
comercio_atacado_varejo_margem,"IBGE PAC 1399/2023, receita operacional líquida (v643), faixa 'Até 19' pessoas ocupadas; margens de comércio da TRU alocadas aos produtos (consumo das famílias do produto 46801 = 0): a cunha do varejo sobre bens fica embutida no preço ao consumidor e NÃO é separável no processado - subcaptura declarada (cota inferior)",direta,0.3973483324842462,0.0,0.0,0.0,46801,share = receita 'Até 19' / Total (Comércio varejista); peso_consumo = Σ consumo_familias(produtos)/C_campo; propensao_b2c = Σ consumo_familias/Σ oferta; contribuicao = peso_consumo x share_pequenas,"IBGE PAC 1399/2023, receita operacional líquida (v643), faixa 'Até 19' pessoas ocupadas; margens de comércio da TRU alocadas aos produtos (consumo das famílias do produto 46801 = 0): a cunha do varejo sobre bens fica embutida no preço ao consumidor e NÃO é separável no processado - subcaptura declarada (cota inferior) | IBGE TRU 2021 nível 68 (tru_2021_usos.parquet); campo = consumo das famílias exceto 68002/97001/19912/19921/19916 (base.TRU_PRODUTOS_REMOVIDOS) e 64801 (regime específico de serviços financeiros, Regulamento do IBS art. 600, §4º, I, 'b')"
alojamento,"IBGE PAS 2611/2023, receita operacional líquida (v643), parcela <20 pessoas por diferença: total menos 'Empresas com 20 ou mais pessoas ocupadas' (diligência F14)",proxy_diferenca,0.24059414648696986,0.15330146533238026,0.0016825515748761194,0.0004048120600776269,55001,share = 1 - receita 20+/total em [1.1 Serviços de alojamento]; peso_consumo = Σ consumo_familias(produtos)/C_campo; propensao_b2c = Σ consumo_familias/Σ oferta; contribuicao = peso_consumo x share_pequenas,"IBGE PAS 2611/2023, receita operacional líquida (v643), parcela <20 pessoas por diferença: total menos 'Empresas com 20 ou mais pessoas ocupadas' (diligência F14) | IBGE TRU 2021 nível 68 (tru_2021_usos.parquet); campo = consumo das famílias exceto 68002/97001/19912/19921/19916 (base.TRU_PRODUTOS_REMOVIDOS) e 64801 (regime específico de serviços financeiros, Regulamento do IBS art. 600, §4º, I, 'b')"
alimentacao_fora_do_domicilio,"IBGE PAS 2611/2023, receita operacional líquida (v643), parcela <20 pessoas por diferença: total menos 'Empresas com 20 ou mais pessoas ocupadas' (diligência F14)",proxy_diferenca,0.4655913943931951,0.822424510867075,0.06600588782727994,0.030731773351664087,56001,share = 1 - receita 20+/total em [1.2 Serviços de alimentação]; peso_consumo = Σ consumo_familias(produtos)/C_campo; propensao_b2c = Σ consumo_familias/Σ oferta; contribuicao = peso_consumo x share_pequenas,"IBGE PAS 2611/2023, receita operacional líquida (v643), parcela <20 pessoas por diferença: total menos 'Empresas com 20 ou mais pessoas ocupadas' (diligência F14) | IBGE TRU 2021 nível 68 (tru_2021_usos.parquet); campo = consumo das famílias exceto 68002/97001/19912/19921/19916 (base.TRU_PRODUTOS_REMOVIDOS) e 64801 (regime específico de serviços financeiros, Regulamento do IBS art. 600, §4º, I, 'b')"
cultura_recreacao_esporte,"IBGE PAS 2611/2023, receita operacional líquida (v643), parcela <20 pessoas por diferença: total menos 'Empresas com 20 ou mais pessoas ocupadas' (diligência F14)",proxy_diferenca,0.46901272453643694,0.6226946139188504,0.008732695191182773,0.004095745164162874,90801,"share = 1 - receita 20+/total em [1.3 Atividades culturais, recreativas e esportivas]; peso_consumo = Σ consumo_familias(produtos)/C_campo; propensao_b2c = Σ consumo_familias/Σ oferta; contribuicao = peso_consumo x share_pequenas","IBGE PAS 2611/2023, receita operacional líquida (v643), parcela <20 pessoas por diferença: total menos 'Empresas com 20 ou mais pessoas ocupadas' (diligência F14) | IBGE TRU 2021 nível 68 (tru_2021_usos.parquet); campo = consumo das famílias exceto 68002/97001/19912/19921/19916 (base.TRU_PRODUTOS_REMOVIDOS) e 64801 (regime específico de serviços financeiros, Regulamento do IBS art. 600, §4º, I, 'b')"
servicos_pessoais,"IBGE PAS 2611/2023, receita operacional líquida (v643), parcela <20 pessoas por diferença: total menos 'Empresas com 20 ou mais pessoas ocupadas' (diligência F14)",proxy_diferenca,0.6035951843724339,0.9071511328527292,0.013820801760464279,0.008342169386782295,94803,share = 1 - receita 20+/total em [1.4 Serviços pessoais]; peso_consumo = Σ consumo_familias(produtos)/C_campo; propensao_b2c = Σ consumo_familias/Σ oferta; contribuicao = peso_consumo x share_pequenas,"IBGE PAS 2611/2023, receita operacional líquida (v643), parcela <20 pessoas por diferença: total menos 'Empresas com 20 ou mais pessoas ocupadas' (diligência F14) | IBGE TRU 2021 nível 68 (tru_2021_usos.parquet); campo = consumo das famílias exceto 68002/97001/19912/19921/19916 (base.TRU_PRODUTOS_REMOVIDOS) e 64801 (regime específico de serviços financeiros, Regulamento do IBS art. 600, §4º, I, 'b')"
telecomunicacoes,"IBGE PAS 2624/2023, receita operacional líquida (v643), parcela <20 pessoas por diferença: total menos 'Empresas com 20 ou mais pessoas ocupadas' (diligência F14)",proxy_diferenca,0.09121744009631783,0.6146366494042973,0.03494573568911801,0.003187660551843878,61001,share = 1 - receita 20+/total em [1.1 Telecomunicações]; peso_consumo = Σ consumo_familias(produtos)/C_campo; propensao_b2c = Σ consumo_familias/Σ oferta; contribuicao = peso_consumo x share_pequenas,"IBGE PAS 2624/2023, receita operacional líquida (v643), parcela <20 pessoas por diferença: total menos 'Empresas com 20 ou mais pessoas ocupadas' (diligência F14) | IBGE TRU 2021 nível 68 (tru_2021_usos.parquet); campo = consumo das famílias exceto 68002/97001/19912/19921/19916 (base.TRU_PRODUTOS_REMOVIDOS) e 64801 (regime específico de serviços financeiros, Regulamento do IBS art. 600, §4º, I, 'b')"
tecnologia_da_informacao,"IBGE PAS 2624/2023, receita operacional líquida (v643), parcela <20 pessoas por diferença: total menos 'Empresas com 20 ou mais pessoas ocupadas' (diligência F14)",proxy_diferenca,0.20450650490510358,0.01781596346098566,0.0013675175119712943,0.00027966622676977253,62801,share = 1 - receita 20+/total em [1.2 Tecnologia da informação]; peso_consumo = Σ consumo_familias(produtos)/C_campo; propensao_b2c = Σ consumo_familias/Σ oferta; contribuicao = peso_consumo x share_pequenas,"IBGE PAS 2624/2023, receita operacional líquida (v643), parcela <20 pessoas por diferença: total menos 'Empresas com 20 ou mais pessoas ocupadas' (diligência F14) | IBGE TRU 2021 nível 68 (tru_2021_usos.parquet); campo = consumo das famílias exceto 68002/97001/19912/19921/19916 (base.TRU_PRODUTOS_REMOVIDOS) e 64801 (regime específico de serviços financeiros, Regulamento do IBS art. 600, §4º, I, 'b')"
audiovisual,"IBGE PAS 2624/2023, receita operacional líquida (v643), parcela <20 pessoas por diferença: total menos 'Empresas com 20 ou mais pessoas ocupadas' (diligência F14)",proxy_diferenca,0.27647115494310537,0.025775205729647643,0.00030792434475366545,8.513219922914483e-05,59801,share = 1 - receita 20+/total em [1.3 Serviços audiovisuais]; peso_consumo = Σ consumo_familias(produtos)/C_campo; propensao_b2c = Σ consumo_familias/Σ oferta; contribuicao = peso_consumo x share_pequenas,"IBGE PAS 2624/2023, receita operacional líquida (v643), parcela <20 pessoas por diferença: total menos 'Empresas com 20 ou mais pessoas ocupadas' (diligência F14) | IBGE TRU 2021 nível 68 (tru_2021_usos.parquet); campo = consumo das famílias exceto 68002/97001/19912/19921/19916 (base.TRU_PRODUTOS_REMOVIDOS) e 64801 (regime específico de serviços financeiros, Regulamento do IBS art. 600, §4º, I, 'b')"
edicao_livros_jornais,"IBGE PAS 2624/2023, receita operacional líquida (v643), parcela <20 pessoas por diferença: total menos 'Empresas com 20 ou mais pessoas ocupadas' (diligência F14)",proxy_diferenca,0.25715531830765925,0.4267864358312871,0.0033663289632265762,0.0008656693960668228,58001,share = 1 - receita 20+/total em [1.4 Edição e edição integrada à impressão]; peso_consumo = Σ consumo_familias(produtos)/C_campo; propensao_b2c = Σ consumo_familias/Σ oferta; contribuicao = peso_consumo x share_pequenas,"IBGE PAS 2624/2023, receita operacional líquida (v643), parcela <20 pessoas por diferença: total menos 'Empresas com 20 ou mais pessoas ocupadas' (diligência F14) | IBGE TRU 2021 nível 68 (tru_2021_usos.parquet); campo = consumo das famílias exceto 68002/97001/19912/19921/19916 (base.TRU_PRODUTOS_REMOVIDOS) e 64801 (regime específico de serviços financeiros, Regulamento do IBS art. 600, §4º, I, 'b')"
servicos_tecnico_profissionais,"IBGE PAS 2635/2023, receita operacional líquida (v643), parcela <20 pessoas por diferença: total menos 'Empresas com 20 ou mais pessoas ocupadas' (diligência F14)",proxy_diferenca,0.48313447835466916,0.04432531104697902,0.006691225431020534,0.0032327617081696017,69801+71802+73801,share = 1 - receita 20+/total em [1.1 Serviços técnico-profissionais]; peso_consumo = Σ consumo_familias(produtos)/C_campo; propensao_b2c = Σ consumo_familias/Σ oferta; contribuicao = peso_consumo x share_pequenas,"IBGE PAS 2635/2023, receita operacional líquida (v643), parcela <20 pessoas por diferença: total menos 'Empresas com 20 ou mais pessoas ocupadas' (diligência F14) | IBGE TRU 2021 nível 68 (tru_2021_usos.parquet); campo = consumo das famílias exceto 68002/97001/19912/19921/19916 (base.TRU_PRODUTOS_REMOVIDOS) e 64801 (regime específico de serviços financeiros, Regulamento do IBS art. 600, §4º, I, 'b')"
alugueis_nao_imobiliarios,"IBGE PAS 2635/2023, receita operacional líquida (v643), parcela <20 pessoas por diferença: total menos 'Empresas com 20 ou mais pessoas ocupadas' (diligência F14)",proxy_diferenca,0.29175257447983594,0.039772074379997704,0.0014425372966007702,0.0004208639700664574,77001,share = 1 - receita 20+/total em [1.2 Aluguéis não imobiliários e gestão de ativos intangíveis não financeiros]; peso_consumo = Σ consumo_familias(produtos)/C_campo; propensao_b2c = Σ consumo_familias/Σ oferta; contribuicao = peso_consumo x share_pequenas,"IBGE PAS 2635/2023, receita operacional líquida (v643), parcela <20 pessoas por diferença: total menos 'Empresas com 20 ou mais pessoas ocupadas' (diligência F14) | IBGE TRU 2021 nível 68 (tru_2021_usos.parquet); campo = consumo das famílias exceto 68002/97001/19912/19921/19916 (base.TRU_PRODUTOS_REMOVIDOS) e 64801 (regime específico de serviços financeiros, Regulamento do IBS art. 600, §4º, I, 'b')"
vigilancia_seguranca,"IBGE PAS 2635/2023, receita operacional líquida (v643), parcela <20 pessoas por diferença: total menos 'Empresas com 20 ou mais pessoas ocupadas' (diligência F14)",proxy_diferenca,0.06776179955342165,0.01112326392471676,0.00013214269253361915,8.95422664391253e-06,80001,"share = 1 - receita 20+/total em [1.5 Serviços de investigação, vigilância, segurança e transporte de valores]; peso_consumo = Σ consumo_familias(produtos)/C_campo; propensao_b2c = Σ consumo_familias/Σ oferta; contribuicao = peso_consumo x share_pequenas","IBGE PAS 2635/2023, receita operacional líquida (v643), parcela <20 pessoas por diferença: total menos 'Empresas com 20 ou mais pessoas ocupadas' (diligência F14) | IBGE TRU 2021 nível 68 (tru_2021_usos.parquet); campo = consumo das famílias exceto 68002/97001/19912/19921/19916 (base.TRU_PRODUTOS_REMOVIDOS) e 64801 (regime específico de serviços financeiros, Regulamento do IBS art. 600, §4º, I, 'b')"
condominios_servicos_edificios,"IBGE PAS 2635/2023, receita operacional líquida (v643), parcela <20 pessoas por diferença: total menos 'Empresas com 20 ou mais pessoas ocupadas' (diligência F14); o produto TRU mistura condomínios (não-empresa) com serviços para edifícios - correspondência parcial declarada",proxy_diferenca,0.14363781766774797,0.0240164132271301,0.0007805980204583366,0.00011212339613439954,78801,share = 1 - receita 20+/total em [1.6 Serviços para edificios e atividades paisagisticas]; peso_consumo = Σ consumo_familias(produtos)/C_campo; propensao_b2c = Σ consumo_familias/Σ oferta; contribuicao = peso_consumo x share_pequenas,"IBGE PAS 2635/2023, receita operacional líquida (v643), parcela <20 pessoas por diferença: total menos 'Empresas com 20 ou mais pessoas ocupadas' (diligência F14); o produto TRU mistura condomínios (não-empresa) com serviços para edifícios - correspondência parcial declarada | IBGE TRU 2021 nível 68 (tru_2021_usos.parquet); campo = consumo das famílias exceto 68002/97001/19912/19921/19916 (base.TRU_PRODUTOS_REMOVIDOS) e 64801 (regime específico de serviços financeiros, Regulamento do IBS art. 600, §4º, I, 'b')"
escritorio_apoio_administrativo,"IBGE PAS 2635/2023, receita operacional líquida (v643), parcela <20 pessoas por diferença: total menos 'Empresas com 20 ou mais pessoas ocupadas' (diligência F14)",proxy_diferenca,0.47588231001913617,0.04370309462587394,0.002254270979307288,0.0010727676810418525,78802,share = 1 - receita 20+/total em [1.7 Serviços de escritório e apoio administrativo]; peso_consumo = Σ consumo_familias(produtos)/C_campo; propensao_b2c = Σ consumo_familias/Σ oferta; contribuicao = peso_consumo x share_pequenas,"IBGE PAS 2635/2023, receita operacional líquida (v643), parcela <20 pessoas por diferença: total menos 'Empresas com 20 ou mais pessoas ocupadas' (diligência F14) | IBGE TRU 2021 nível 68 (tru_2021_usos.parquet); campo = consumo das famílias exceto 68002/97001/19912/19921/19916 (base.TRU_PRODUTOS_REMOVIDOS) e 64801 (regime específico de serviços financeiros, Regulamento do IBS art. 600, §4º, I, 'b')"
transporte_rodoviario_passageiros,"IBGE PAS 2650/2023, receita operacional líquida (v643), parcela <20 pessoas por diferença: total menos 'Empresas com 20 ou mais pessoas ocupadas' (diligência F14); produto TRU 49002 inclui metroferroviário e táxi - share do rodoviário de passageiros aplicado ao produto inteiro, correspondência parcial declarada",proxy_diferenca,0.14144567361687033,0.7951467211539435,0.019271994280844654,0.0027259402129945444,49002,share = 1 - receita 20+/total em [1.1.2.1 Transporte rodoviário de passageiros]; peso_consumo = Σ consumo_familias(produtos)/C_campo; propensao_b2c = Σ consumo_familias/Σ oferta; contribuicao = peso_consumo x share_pequenas,"IBGE PAS 2650/2023, receita operacional líquida (v643), parcela <20 pessoas por diferença: total menos 'Empresas com 20 ou mais pessoas ocupadas' (diligência F14); produto TRU 49002 inclui metroferroviário e táxi - share do rodoviário de passageiros aplicado ao produto inteiro, correspondência parcial declarada | IBGE TRU 2021 nível 68 (tru_2021_usos.parquet); campo = consumo das famílias exceto 68002/97001/19912/19921/19916 (base.TRU_PRODUTOS_REMOVIDOS) e 64801 (regime específico de serviços financeiros, Regulamento do IBS art. 600, §4º, I, 'b')"
transporte_rodoviario_cargas,"IBGE PAS 2650/2023, receita operacional líquida (v643), parcela <20 pessoas por diferença: total menos 'Empresas com 20 ou mais pessoas ocupadas' (diligência F14)",proxy_diferenca,0.22076180624624198,0.008208401463065477,0.0006129067371689201,0.00013530639835790148,49001,share = 1 - receita 20+/total em [1.1.2.2 Transporte rodoviário de cargas]; peso_consumo = Σ consumo_familias(produtos)/C_campo; propensao_b2c = Σ consumo_familias/Σ oferta; contribuicao = peso_consumo x share_pequenas,"IBGE PAS 2650/2023, receita operacional líquida (v643), parcela <20 pessoas por diferença: total menos 'Empresas com 20 ou mais pessoas ocupadas' (diligência F14) | IBGE TRU 2021 nível 68 (tru_2021_usos.parquet); campo = consumo das famílias exceto 68002/97001/19912/19921/19916 (base.TRU_PRODUTOS_REMOVIDOS) e 64801 (regime específico de serviços financeiros, Regulamento do IBS art. 600, §4º, I, 'b')"
transporte_aquaviario,"IBGE PAS 2650/2023, receita operacional líquida (v643), parcela <20 pessoas por diferença: total menos 'Empresas com 20 ou mais pessoas ocupadas' (diligência F14)",proxy_diferenca,0.01901595982002202,0.028026882062371472,0.0003241050826149249,6.163169228470331e-06,50001,share = 1 - receita 20+/total em [1.1.4 Transporte aquaviário]; peso_consumo = Σ consumo_familias(produtos)/C_campo; propensao_b2c = Σ consumo_familias/Σ oferta; contribuicao = peso_consumo x share_pequenas,"IBGE PAS 2650/2023, receita operacional líquida (v643), parcela <20 pessoas por diferença: total menos 'Empresas com 20 ou mais pessoas ocupadas' (diligência F14) | IBGE TRU 2021 nível 68 (tru_2021_usos.parquet); campo = consumo das famílias exceto 68002/97001/19912/19921/19916 (base.TRU_PRODUTOS_REMOVIDOS) e 64801 (regime específico de serviços financeiros, Regulamento do IBS art. 600, §4º, I, 'b')"
transporte_aereo,"IBGE PAS 2650/2023, receita operacional líquida (v643), parcela <20 pessoas por diferença: total menos 'Empresas com 20 ou mais pessoas ocupadas' (diligência F14)",proxy_diferenca,0.005522675006220501,0.1484843377555197,0.001511918339248292,8.34983362361295e-06,51001,share = 1 - receita 20+/total em [1.1.5 Transporte aéreo]; peso_consumo = Σ consumo_familias(produtos)/C_campo; propensao_b2c = Σ consumo_familias/Σ oferta; contribuicao = peso_consumo x share_pequenas,"IBGE PAS 2650/2023, receita operacional líquida (v643), parcela <20 pessoas por diferença: total menos 'Empresas com 20 ou mais pessoas ocupadas' (diligência F14) | IBGE TRU 2021 nível 68 (tru_2021_usos.parquet); campo = consumo das famílias exceto 68002/97001/19912/19921/19916 (base.TRU_PRODUTOS_REMOVIDOS) e 64801 (regime específico de serviços financeiros, Regulamento do IBS art. 600, §4º, I, 'b')"
armazenamento_auxiliares_transporte,"IBGE PAS 2650/2023, receita operacional líquida (v643), parcela <20 pessoas por diferença: total menos 'Empresas com 20 ou mais pessoas ocupadas' (diligência F14)",proxy_diferenca,0.1360712493033598,0.21007470675065074,0.00914138140352701,0.0012438791879364206,52801,share = 1 - receita 20+/total em [1.1.6 Armazenamento e atividades auxiliares ao transporte]; peso_consumo = Σ consumo_familias(produtos)/C_campo; propensao_b2c = Σ consumo_familias/Σ oferta; contribuicao = peso_consumo x share_pequenas,"IBGE PAS 2650/2023, receita operacional líquida (v643), parcela <20 pessoas por diferença: total menos 'Empresas com 20 ou mais pessoas ocupadas' (diligência F14) | IBGE TRU 2021 nível 68 (tru_2021_usos.parquet); campo = consumo das famílias exceto 68002/97001/19912/19921/19916 (base.TRU_PRODUTOS_REMOVIDOS) e 64801 (regime específico de serviços financeiros, Regulamento do IBS art. 600, §4º, I, 'b')"
correio_entrega,"IBGE PAS 2650/2023, receita operacional líquida (v643), parcela <20 pessoas por diferença: total menos 'Empresas com 20 ou mais pessoas ocupadas' (diligência F14)",proxy_diferenca,0.10075361635611435,0.09244668246445498,0.0007651527706816798,7.70919087110799e-05,52802,share = 1 - receita 20+/total em [1.2 Correios e outras atividades de entrega]; peso_consumo = Σ consumo_familias(produtos)/C_campo; propensao_b2c = Σ consumo_familias/Σ oferta; contribuicao = peso_consumo x share_pequenas,"IBGE PAS 2650/2023, receita operacional líquida (v643), parcela <20 pessoas por diferença: total menos 'Empresas com 20 ou mais pessoas ocupadas' (diligência F14) | IBGE TRU 2021 nível 68 (tru_2021_usos.parquet); campo = consumo das famílias exceto 68002/97001/19912/19921/19916 (base.TRU_PRODUTOS_REMOVIDOS) e 64801 (regime específico de serviços financeiros, Regulamento do IBS art. 600, §4º, I, 'b')"
manutencao_bens_pessoais_domesticos,"IBGE PAS 2676/2023, receita operacional líquida (v643), parcela <20 pessoas por diferença: total menos 'Empresas com 20 ou mais pessoas ocupadas' (diligência F14)",proxy_diferenca,0.5172911298549854,0.33538478911410985,0.002912532815026708,0.0015066273906248868,94802,share = 1 - receita 20+/total em [1.2 Manutenção e reparação de equipamentos de informática e comunicação; 1.3 Manutenção e reparação de objetos pessoais e domésticos]; peso_consumo = Σ consumo_familias(produtos)/C_campo; propensao_b2c = Σ consumo_familias/Σ oferta; contribuicao = peso_consumo x share_pequenas,"IBGE PAS 2676/2023, receita operacional líquida (v643), parcela <20 pessoas por diferença: total menos 'Empresas com 20 ou mais pessoas ocupadas' (diligência F14) | IBGE TRU 2021 nível 68 (tru_2021_usos.parquet); campo = consumo das famílias exceto 68002/97001/19912/19921/19916 (base.TRU_PRODUTOS_REMOVIDOS) e 64801 (regime específico de serviços financeiros, Regulamento do IBS art. 600, §4º, I, 'b')"
agropecuaria_pesca_silvicultura,sem pesquisa de porte aplicável,fronteira_sem_porte,,0.1941917613074275,0.06015581560235003,0.0,01911+01912+01913+01914+01915+01916+01917+01918+01919+01921+01922+01923+01924+02801+02802,contribuicao = 0 (motivo na fonte),"as pesquisas estruturais de empresas do IBGE (PAC/PAS/PIA) não cobrem a agropecuária; produtor rural pessoa física fora do quadro de empresas; contribuição 0 = cota inferior declarada | IBGE TRU 2021 nível 68 (tru_2021_usos.parquet); campo = consumo das famílias exceto 68002/97001/19912/19921/19916 (base.TRU_PRODUTOS_REMOVIDOS) e 64801 (regime específico de serviços financeiros, Regulamento do IBS art. 600, §4º, I, 'b')"
combustiveis_st_monofasia,sem pesquisa de porte aplicável,vedacao_legal,,0.027740775005358244,0.002506788555020883,0.0,19911+19913+19914+19915,contribuicao = 0 (motivo na fonte),"ICMS fora do DAS nas operações 'sujeitas ao regime de substituição tributária, tributação concentrada em uma única etapa (monofásica)' envolvendo 'combustíveis e lubrificantes' (LC 123, art. 13, §1º, XIII, 'a'): a operação do optante não desloca arrecadação padrão nesses produtos; gasoálcool, etanol e GLP (19912/19921/19916) já estão fora do campo de C (base.TRU_PRODUTOS_REMOVIDOS) | IBGE TRU 2021 nível 68 (tru_2021_usos.parquet); campo = consumo das famílias exceto 68002/97001/19912/19921/19916 (base.TRU_PRODUTOS_REMOVIDOS) e 64801 (regime específico de serviços financeiros, Regulamento do IBS art. 600, §4º, I, 'b')"
energia_eletrica_gas,sem pesquisa de porte aplicável,vedacao_legal,,0.30601493426176185,0.040942170042883856,0.0,35001,contribuicao = 0 (motivo na fonte),"vedado ao Simples: empresa 'que seja geradora, transmissora, distribuidora ou comercializadora de energia elétrica' (LC 123, art. 17, VII); parcela gás/utilidades sem pesquisa de porte aberta, contribuição 0 declarada | IBGE TRU 2021 nível 68 (tru_2021_usos.parquet); campo = consumo das famílias exceto 68002/97001/19912/19921/19916 (base.TRU_PRODUTOS_REMOVIDOS) e 64801 (regime específico de serviços financeiros, Regulamento do IBS art. 600, §4º, I, 'b')"
agua_esgoto_residuos,sem pesquisa de porte aplicável,fronteira_sem_porte,,0.4037873149756057,0.011971294390383346,0.0,36801,contribuicao = 0 (motivo na fonte),"PAS 2695 cobre só esgoto/resíduos (CNAE 37-39); captação e distribuição de água (CNAE 36) sem pesquisa de porte aberta e parcela não separável no produto TRU; contribuição 0 = cota inferior | IBGE TRU 2021 nível 68 (tru_2021_usos.parquet); campo = consumo das famílias exceto 68002/97001/19912/19921/19916 (base.TRU_PRODUTOS_REMOVIDOS) e 64801 (regime específico de serviços financeiros, Regulamento do IBS art. 600, §4º, I, 'b')"
construcao,sem pesquisa de porte aplicável,fronteira_sem_porte,,0.0,0.0,0.0,41801+41802+41803,contribuicao = 0 (motivo na fonte),"consumo das famílias nulo na TRU (edificações e obras vão para FBCF); peso zero por construção | IBGE TRU 2021 nível 68 (tru_2021_usos.parquet); campo = consumo das famílias exceto 68002/97001/19912/19921/19916 (base.TRU_PRODUTOS_REMOVIDOS) e 64801 (regime específico de serviços financeiros, Regulamento do IBS art. 600, §4º, I, 'b')"
aluguel_efetivo_imobiliarias,sem pesquisa de porte aplicável,vedacao_legal,,0.4451452432581215,0.032512250779862535,0.0,68001,contribuicao = 0 (motivo na fonte),"vedado ao Simples: empresa 'que realize atividade de locação de imóveis próprios' (LC 123, art. 17, XV, redação da LC 214/2025); locadores majoritariamente pessoas físicas; a PAS 2665 mede 66,3 por cento <20 pessoas na atividade imobiliária EMPRESARIAL, não aplicado (intermediação, permitida, não separável no produto TRU) | IBGE TRU 2021 nível 68 (tru_2021_usos.parquet); campo = consumo das famílias exceto 68002/97001/19912/19921/19916 (base.TRU_PRODUTOS_REMOVIDOS) e 64801 (regime específico de serviços financeiros, Regulamento do IBS art. 600, §4º, I, 'b')"
pesquisa_desenvolvimento,sem pesquisa de porte aplicável,fronteira_sem_porte,,0.0,0.0,0.0,71801,contribuicao = 0 (motivo na fonte),"consumo das famílias nulo na TRU; sem porte aberto | IBGE TRU 2021 nível 68 (tru_2021_usos.parquet); campo = consumo das famílias exceto 68002/97001/19912/19921/19916 (base.TRU_PRODUTOS_REMOVIDOS) e 64801 (regime específico de serviços financeiros, Regulamento do IBS art. 600, §4º, I, 'b')"
educacao_privada_regular,sem pesquisa de porte aplicável,fronteira_sem_porte,,0.8619454604028881,0.03345294004006939,0.0,85921,contribuicao = 0 (motivo na fonte),"a PAS 2611 cobre apenas ensino continuado (idiomas, artes, esportes); ensino REGULAR privado sem pesquisa de porte aberta - dado administrativo (RFB por CNAE) indispensável; contribuição 0 = cota inferior declarada | IBGE TRU 2021 nível 68 (tru_2021_usos.parquet); campo = consumo das famílias exceto 68002/97001/19912/19921/19916 (base.TRU_PRODUTOS_REMOVIDOS) e 64801 (regime específico de serviços financeiros, Regulamento do IBS art. 600, §4º, I, 'b')"
saude_privada,sem pesquisa de porte aplicável,fronteira_sem_porte,,0.6953910451990265,0.06738786993824843,0.0,86921,contribuicao = 0 (motivo na fonte),"nenhuma tabela da PAS cobre saúde; porte da saúde privada só em dado administrativo (RFB por CNAE) - fronteira OD/ADM; contribuição 0 = cota inferior declarada | IBGE TRU 2021 nível 68 (tru_2021_usos.parquet); campo = consumo das famílias exceto 68002/97001/19912/19921/19916 (base.TRU_PRODUTOS_REMOVIDOS) e 64801 (regime específico de serviços financeiros, Regulamento do IBS art. 600, §4º, I, 'b')"
servicos_associativos,sem pesquisa de porte aplicável,fronteira_sem_porte,,0.3645077323533915,0.008754514671025986,0.0,94801,contribuicao = 0 (motivo na fonte),"organizações patronais, sindicais e associativas sem fins lucrativos: fora do universo empresarial das pesquisas estruturais e do Simples | IBGE TRU 2021 nível 68 (tru_2021_usos.parquet); campo = consumo das famílias exceto 68002/97001/19912/19921/19916 (base.TRU_PRODUTOS_REMOVIDOS) e 64801 (regime específico de serviços financeiros, Regulamento do IBS art. 600, §4º, I, 'b')"
producao_propria_governo,sem pesquisa de porte aplicável,fronteira_sem_porte,,0.0,0.0,0.0,84001+84002+85911+86911,contribuicao = 0 (motivo na fonte),"produção não-mercantil do governo (consumo das famílias nulo na TRU) | IBGE TRU 2021 nível 68 (tru_2021_usos.parquet); campo = consumo das famílias exceto 68002/97001/19912/19921/19916 (base.TRU_PRODUTOS_REMOVIDOS) e 64801 (regime específico de serviços financeiros, Regulamento do IBS art. 600, §4º, I, 'b')"
fora_do_campo_68002,nao se aplica,fora_do_campo,,,,0.0,68002,produto excluído de C_campo (pesos e contribuição),"fora do campo de C no pipeline (base.TRU_PRODUTOS_REMOVIDOS) | IBGE TRU 2021 nível 68 (tru_2021_usos.parquet); campo = consumo das famílias exceto 68002/97001/19912/19921/19916 (base.TRU_PRODUTOS_REMOVIDOS) e 64801 (regime específico de serviços financeiros, Regulamento do IBS art. 600, §4º, I, 'b')"
fora_do_campo_97001,nao se aplica,fora_do_campo,,,,0.0,97001,produto excluído de C_campo (pesos e contribuição),"fora do campo de C no pipeline (base.TRU_PRODUTOS_REMOVIDOS) | IBGE TRU 2021 nível 68 (tru_2021_usos.parquet); campo = consumo das famílias exceto 68002/97001/19912/19921/19916 (base.TRU_PRODUTOS_REMOVIDOS) e 64801 (regime específico de serviços financeiros, Regulamento do IBS art. 600, §4º, I, 'b')"
fora_do_campo_19912,nao se aplica,fora_do_campo,,,,0.0,19912,produto excluído de C_campo (pesos e contribuição),"fora do campo de C no pipeline (base.TRU_PRODUTOS_REMOVIDOS) | IBGE TRU 2021 nível 68 (tru_2021_usos.parquet); campo = consumo das famílias exceto 68002/97001/19912/19921/19916 (base.TRU_PRODUTOS_REMOVIDOS) e 64801 (regime específico de serviços financeiros, Regulamento do IBS art. 600, §4º, I, 'b')"
fora_do_campo_19921,nao se aplica,fora_do_campo,,,,0.0,19921,produto excluído de C_campo (pesos e contribuição),"fora do campo de C no pipeline (base.TRU_PRODUTOS_REMOVIDOS) | IBGE TRU 2021 nível 68 (tru_2021_usos.parquet); campo = consumo das famílias exceto 68002/97001/19912/19921/19916 (base.TRU_PRODUTOS_REMOVIDOS) e 64801 (regime específico de serviços financeiros, Regulamento do IBS art. 600, §4º, I, 'b')"
fora_do_campo_19916,nao se aplica,fora_do_campo,,,,0.0,19916,produto excluído de C_campo (pesos e contribuição),"fora do campo de C no pipeline (base.TRU_PRODUTOS_REMOVIDOS) | IBGE TRU 2021 nível 68 (tru_2021_usos.parquet); campo = consumo das famílias exceto 68002/97001/19912/19921/19916 (base.TRU_PRODUTOS_REMOVIDOS) e 64801 (regime específico de serviços financeiros, Regulamento do IBS art. 600, §4º, I, 'b')"
fora_do_campo_64801,nao se aplica,fora_do_campo,,,,0.0,64801,produto excluído de C_campo (pesos e contribuição),"regime específico de serviços financeiros, alíquota uniforme nacional (Regulamento do IBS, art. 600, §4º, I, 'b'); coerente com sifim='excluido' no central | IBGE TRU 2021 nível 68 (tru_2021_usos.parquet); campo = consumo das famílias exceto 68002/97001/19912/19921/19916 (base.TRU_PRODUTOS_REMOVIDOS) e 64801 (regime específico de serviços financeiros, Regulamento do IBS art. 600, §4º, I, 'b')"
TOTAL,"PAC 1399 + PIA 1839 + PAS (7 tabelas), 2023",agregado,,,1.0,0.1036555755912622,89 mapeados + 33 fronteira + 6 fora do campo,omega = Σ_a share_pequenas_a x peso_consumo_a; cobertura com porte aberto = 0.7423 do consumo em campo; produtos sem porte aberto contribuem 0 (COTA INFERIOR declarada),"IBGE PAC/PIA/PAS 2023 x TRU 2021; corte <20 pessoas como proxy do teto de receita do Simples (LC 123, art. 3º, II) - convenção declarada; vedações setoriais: LC 123, art. 17, VII e XV; ST/monofasia: art. 13, §1º, XIII, 'a' (texto compilado Planalto, lcp123.htm)"
