uf,ano,estatistica,meses_confaz,meses_pendentes,meses_pendentes_lista,icms_confaz_rs,daic_confaz_rs,icms_rreo_rs,fecp_dca_rs,desvio_pct,desvio_mais_daic_pct,desvio_ex_fecp_pct,desvio_mais_daic_ex_fecp_pct,ponte_melhor,desvio_pos_ponte_pct,investigacao,formula,fonte
AC,2024,uf_ano,12,0,,2135116752.9099998,24851363.75,2159968117.18,0.0,-1.150543106277202,-2.4074431337339774e-08,-1.150543106277202,-2.4074431337339774e-08,confaz+DAIC,-2.4074431337339774e-08,ponte conceitual fecha: confaz+DAIC reduz o desvio de -1.15% para -0.00% (DAIC: RREO/DCA consolidam divida ativa que o boletim separa; FECP: RREO inclui o adicional que esta UF nao reporta no boletim),icms_confaz_rs = Σ 12 meses da coluna 'TOTAL DO ICMS  TOTAL DA SEÇÃO' (R$ correntes; duplicatas idênticas deduplicadas); desvio_pct = (icms_confaz_rs/icms_rreo_rs − 1)×100; pontes: +DAIC soma a dívida ativa de ICMS do boletim; −FECP deduz dca_fecp_bruta do RREO; mês pendente = total mensal < 50% da mediana mensal do UF-ano,"CONFAZ, Boletim de Arrecadação dos Tributos Estaduais, aba 'arrecadação por CNAE' (extração 23/06/2026, 'com pendências' — cabeçalho do arquivo); obtido pela interface do dados.gov.br (conjunto boletim-de-arrecadacao-dos-tributos-estaduais; API autenticada — rota fetch-manual §10.4); arquivo congelado data/raw/confaz/20260623_dados-abertos.xlsx (sha256 no sidecar ._meta.json) | SICONFI RREO Anexo 03 via data/processed/r_estadual.csv (icms_bruto = rubrica ICMSLiquidoExcetoTransferenciasEFUNDEB, inclui FECP e consolida dívida ativa; FECP = dca_fecp_bruta, DCA Anexo I-C conta 1.1.1.4.50.2.0)"
AC,2025,uf_ano,12,0,,2211895030.1,32838354.79,2220306998.18,0.0,-0.3788650887870615,1.100135554678805,-0.3788650887870615,1.100135554678805,sem_ajuste,-0.3788650887870615,,icms_confaz_rs = Σ 12 meses da coluna 'TOTAL DO ICMS  TOTAL DA SEÇÃO' (R$ correntes; duplicatas idênticas deduplicadas); desvio_pct = (icms_confaz_rs/icms_rreo_rs − 1)×100; pontes: +DAIC soma a dívida ativa de ICMS do boletim; −FECP deduz dca_fecp_bruta do RREO; mês pendente = total mensal < 50% da mediana mensal do UF-ano,"CONFAZ, Boletim de Arrecadação dos Tributos Estaduais, aba 'arrecadação por CNAE' (extração 23/06/2026, 'com pendências' — cabeçalho do arquivo); obtido pela interface do dados.gov.br (conjunto boletim-de-arrecadacao-dos-tributos-estaduais; API autenticada — rota fetch-manual §10.4); arquivo congelado data/raw/confaz/20260623_dados-abertos.xlsx (sha256 no sidecar ._meta.json) | SICONFI RREO Anexo 03 via data/processed/r_estadual.csv (icms_bruto = rubrica ICMSLiquidoExcetoTransferenciasEFUNDEB, inclui FECP e consolida dívida ativa; FECP = dca_fecp_bruta, DCA Anexo I-C conta 1.1.1.4.50.2.0)"
AL,2024,uf_ano,12,0,,8498458822.089999,47210172.74,8488852336.33,593191468.91,0.11316589545191658,0.6693090685161218,7.634547187270102,8.232472725521166,sem_ajuste,0.11316589545191658,,icms_confaz_rs = Σ 12 meses da coluna 'TOTAL DO ICMS  TOTAL DA SEÇÃO' (R$ correntes; duplicatas idênticas deduplicadas); desvio_pct = (icms_confaz_rs/icms_rreo_rs − 1)×100; pontes: +DAIC soma a dívida ativa de ICMS do boletim; −FECP deduz dca_fecp_bruta do RREO; mês pendente = total mensal < 50% da mediana mensal do UF-ano,"CONFAZ, Boletim de Arrecadação dos Tributos Estaduais, aba 'arrecadação por CNAE' (extração 23/06/2026, 'com pendências' — cabeçalho do arquivo); obtido pela interface do dados.gov.br (conjunto boletim-de-arrecadacao-dos-tributos-estaduais; API autenticada — rota fetch-manual §10.4); arquivo congelado data/raw/confaz/20260623_dados-abertos.xlsx (sha256 no sidecar ._meta.json) | SICONFI RREO Anexo 03 via data/processed/r_estadual.csv (icms_bruto = rubrica ICMSLiquidoExcetoTransferenciasEFUNDEB, inclui FECP e consolida dívida ativa; FECP = dca_fecp_bruta, DCA Anexo I-C conta 1.1.1.4.50.2.0)"
AL,2025,uf_ano,12,0,,9031159918.83,73088563.73,9008104970.86,634677859.0,0.25593560515313474,1.0673000815488942,7.85500128183354,8.727864480540749,sem_ajuste,0.25593560515313474,,icms_confaz_rs = Σ 12 meses da coluna 'TOTAL DO ICMS  TOTAL DA SEÇÃO' (R$ correntes; duplicatas idênticas deduplicadas); desvio_pct = (icms_confaz_rs/icms_rreo_rs − 1)×100; pontes: +DAIC soma a dívida ativa de ICMS do boletim; −FECP deduz dca_fecp_bruta do RREO; mês pendente = total mensal < 50% da mediana mensal do UF-ano,"CONFAZ, Boletim de Arrecadação dos Tributos Estaduais, aba 'arrecadação por CNAE' (extração 23/06/2026, 'com pendências' — cabeçalho do arquivo); obtido pela interface do dados.gov.br (conjunto boletim-de-arrecadacao-dos-tributos-estaduais; API autenticada — rota fetch-manual §10.4); arquivo congelado data/raw/confaz/20260623_dados-abertos.xlsx (sha256 no sidecar ._meta.json) | SICONFI RREO Anexo 03 via data/processed/r_estadual.csv (icms_bruto = rubrica ICMSLiquidoExcetoTransferenciasEFUNDEB, inclui FECP e consolida dívida ativa; FECP = dca_fecp_bruta, DCA Anexo I-C conta 1.1.1.4.50.2.0)"
AM,2024,uf_ano,12,0,,15708267633.72,56316039.57,15698510024.65,77740611.31,0.06215627505208321,0.420891209014429,0.5601402726377547,0.9206605394685763,sem_ajuste,0.06215627505208321,,icms_confaz_rs = Σ 12 meses da coluna 'TOTAL DO ICMS  TOTAL DA SEÇÃO' (R$ correntes; duplicatas idênticas deduplicadas); desvio_pct = (icms_confaz_rs/icms_rreo_rs − 1)×100; pontes: +DAIC soma a dívida ativa de ICMS do boletim; −FECP deduz dca_fecp_bruta do RREO; mês pendente = total mensal < 50% da mediana mensal do UF-ano,"CONFAZ, Boletim de Arrecadação dos Tributos Estaduais, aba 'arrecadação por CNAE' (extração 23/06/2026, 'com pendências' — cabeçalho do arquivo); obtido pela interface do dados.gov.br (conjunto boletim-de-arrecadacao-dos-tributos-estaduais; API autenticada — rota fetch-manual §10.4); arquivo congelado data/raw/confaz/20260623_dados-abertos.xlsx (sha256 no sidecar ._meta.json) | SICONFI RREO Anexo 03 via data/processed/r_estadual.csv (icms_bruto = rubrica ICMSLiquidoExcetoTransferenciasEFUNDEB, inclui FECP e consolida dívida ativa; FECP = dca_fecp_bruta, DCA Anexo I-C conta 1.1.1.4.50.2.0)"
AM,2025,uf_ano,12,0,,16966618516.090002,263486866.13,16924101052.28,62084156.09,0.2512243556018756,1.808097984021284,0.6203387207116107,2.1829445925485302,sem_ajuste,0.2512243556018756,,icms_confaz_rs = Σ 12 meses da coluna 'TOTAL DO ICMS  TOTAL DA SEÇÃO' (R$ correntes; duplicatas idênticas deduplicadas); desvio_pct = (icms_confaz_rs/icms_rreo_rs − 1)×100; pontes: +DAIC soma a dívida ativa de ICMS do boletim; −FECP deduz dca_fecp_bruta do RREO; mês pendente = total mensal < 50% da mediana mensal do UF-ano,"CONFAZ, Boletim de Arrecadação dos Tributos Estaduais, aba 'arrecadação por CNAE' (extração 23/06/2026, 'com pendências' — cabeçalho do arquivo); obtido pela interface do dados.gov.br (conjunto boletim-de-arrecadacao-dos-tributos-estaduais; API autenticada — rota fetch-manual §10.4); arquivo congelado data/raw/confaz/20260623_dados-abertos.xlsx (sha256 no sidecar ._meta.json) | SICONFI RREO Anexo 03 via data/processed/r_estadual.csv (icms_bruto = rubrica ICMSLiquidoExcetoTransferenciasEFUNDEB, inclui FECP e consolida dívida ativa; FECP = dca_fecp_bruta, DCA Anexo I-C conta 1.1.1.4.50.2.0)"
AP,2024,uf_ano,12,0,,1509320521.03,9381013.39,1517410287.34,0.0,-0.5331297920868283,0.08509544786754475,-0.5331297920868283,0.08509544786754475,confaz+DAIC,0.08509544786754475,,icms_confaz_rs = Σ 12 meses da coluna 'TOTAL DO ICMS  TOTAL DA SEÇÃO' (R$ correntes; duplicatas idênticas deduplicadas); desvio_pct = (icms_confaz_rs/icms_rreo_rs − 1)×100; pontes: +DAIC soma a dívida ativa de ICMS do boletim; −FECP deduz dca_fecp_bruta do RREO; mês pendente = total mensal < 50% da mediana mensal do UF-ano,"CONFAZ, Boletim de Arrecadação dos Tributos Estaduais, aba 'arrecadação por CNAE' (extração 23/06/2026, 'com pendências' — cabeçalho do arquivo); obtido pela interface do dados.gov.br (conjunto boletim-de-arrecadacao-dos-tributos-estaduais; API autenticada — rota fetch-manual §10.4); arquivo congelado data/raw/confaz/20260623_dados-abertos.xlsx (sha256 no sidecar ._meta.json) | SICONFI RREO Anexo 03 via data/processed/r_estadual.csv (icms_bruto = rubrica ICMSLiquidoExcetoTransferenciasEFUNDEB, inclui FECP e consolida dívida ativa; FECP = dca_fecp_bruta, DCA Anexo I-C conta 1.1.1.4.50.2.0)"
AP,2025,uf_ano,12,0,,1691745715.74,12534985.51,1702927683.38,0.0,-0.6566319726393766,0.07945245609692897,-0.6566319726393766,0.07945245609692897,confaz+DAIC,0.07945245609692897,,icms_confaz_rs = Σ 12 meses da coluna 'TOTAL DO ICMS  TOTAL DA SEÇÃO' (R$ correntes; duplicatas idênticas deduplicadas); desvio_pct = (icms_confaz_rs/icms_rreo_rs − 1)×100; pontes: +DAIC soma a dívida ativa de ICMS do boletim; −FECP deduz dca_fecp_bruta do RREO; mês pendente = total mensal < 50% da mediana mensal do UF-ano,"CONFAZ, Boletim de Arrecadação dos Tributos Estaduais, aba 'arrecadação por CNAE' (extração 23/06/2026, 'com pendências' — cabeçalho do arquivo); obtido pela interface do dados.gov.br (conjunto boletim-de-arrecadacao-dos-tributos-estaduais; API autenticada — rota fetch-manual §10.4); arquivo congelado data/raw/confaz/20260623_dados-abertos.xlsx (sha256 no sidecar ._meta.json) | SICONFI RREO Anexo 03 via data/processed/r_estadual.csv (icms_bruto = rubrica ICMSLiquidoExcetoTransferenciasEFUNDEB, inclui FECP e consolida dívida ativa; FECP = dca_fecp_bruta, DCA Anexo I-C conta 1.1.1.4.50.2.0)"
BA,2024,uf_ano,12,0,,33826460031.55,432800659.01,39497020151.68,533487811.28,-14.356931480788692,-13.261150945072542,-13.184308506658526,-12.073524568413685,confaz+DAIC e rreo-FECP,-12.073524568413685,"sem ponte que feche em dado aberto (melhor: confaz+DAIC e rreo-FECP, -12.07%); boletim ABAIXO do RREO: consistente com pendencia de carga distribuida nos meses (vintage 'com pendencias') e/ou caixa×competencia",icms_confaz_rs = Σ 12 meses da coluna 'TOTAL DO ICMS  TOTAL DA SEÇÃO' (R$ correntes; duplicatas idênticas deduplicadas); desvio_pct = (icms_confaz_rs/icms_rreo_rs − 1)×100; pontes: +DAIC soma a dívida ativa de ICMS do boletim; −FECP deduz dca_fecp_bruta do RREO; mês pendente = total mensal < 50% da mediana mensal do UF-ano,"CONFAZ, Boletim de Arrecadação dos Tributos Estaduais, aba 'arrecadação por CNAE' (extração 23/06/2026, 'com pendências' — cabeçalho do arquivo); obtido pela interface do dados.gov.br (conjunto boletim-de-arrecadacao-dos-tributos-estaduais; API autenticada — rota fetch-manual §10.4); arquivo congelado data/raw/confaz/20260623_dados-abertos.xlsx (sha256 no sidecar ._meta.json) | SICONFI RREO Anexo 03 via data/processed/r_estadual.csv (icms_bruto = rubrica ICMSLiquidoExcetoTransferenciasEFUNDEB, inclui FECP e consolida dívida ativa; FECP = dca_fecp_bruta, DCA Anexo I-C conta 1.1.1.4.50.2.0)"
BA,2025,uf_ano,12,0,,41133155263.799995,169313514.46,41998968646.68,551055735.64,-2.061511057958909,-1.6583737431253853,-0.759405299648197,-0.35090821844799835,confaz+DAIC e rreo-FECP,-0.35090821844799835,ponte conceitual fecha: confaz+DAIC e rreo-FECP reduz o desvio de -2.06% para -0.35% (DAIC: RREO/DCA consolidam divida ativa que o boletim separa; FECP: RREO inclui o adicional que esta UF nao reporta no boletim),icms_confaz_rs = Σ 12 meses da coluna 'TOTAL DO ICMS  TOTAL DA SEÇÃO' (R$ correntes; duplicatas idênticas deduplicadas); desvio_pct = (icms_confaz_rs/icms_rreo_rs − 1)×100; pontes: +DAIC soma a dívida ativa de ICMS do boletim; −FECP deduz dca_fecp_bruta do RREO; mês pendente = total mensal < 50% da mediana mensal do UF-ano,"CONFAZ, Boletim de Arrecadação dos Tributos Estaduais, aba 'arrecadação por CNAE' (extração 23/06/2026, 'com pendências' — cabeçalho do arquivo); obtido pela interface do dados.gov.br (conjunto boletim-de-arrecadacao-dos-tributos-estaduais; API autenticada — rota fetch-manual §10.4); arquivo congelado data/raw/confaz/20260623_dados-abertos.xlsx (sha256 no sidecar ._meta.json) | SICONFI RREO Anexo 03 via data/processed/r_estadual.csv (icms_bruto = rubrica ICMSLiquidoExcetoTransferenciasEFUNDEB, inclui FECP e consolida dívida ativa; FECP = dca_fecp_bruta, DCA Anexo I-C conta 1.1.1.4.50.2.0)"
CE,2024,uf_ano,12,0,,20233946691.66,139661647.45,20202084845.36,294198692.61,0.157715634519362,0.849038577270389,1.6378461098691677,2.339385421368134,sem_ajuste,0.157715634519362,,icms_confaz_rs = Σ 12 meses da coluna 'TOTAL DO ICMS  TOTAL DA SEÇÃO' (R$ correntes; duplicatas idênticas deduplicadas); desvio_pct = (icms_confaz_rs/icms_rreo_rs − 1)×100; pontes: +DAIC soma a dívida ativa de ICMS do boletim; −FECP deduz dca_fecp_bruta do RREO; mês pendente = total mensal < 50% da mediana mensal do UF-ano,"CONFAZ, Boletim de Arrecadação dos Tributos Estaduais, aba 'arrecadação por CNAE' (extração 23/06/2026, 'com pendências' — cabeçalho do arquivo); obtido pela interface do dados.gov.br (conjunto boletim-de-arrecadacao-dos-tributos-estaduais; API autenticada — rota fetch-manual §10.4); arquivo congelado data/raw/confaz/20260623_dados-abertos.xlsx (sha256 no sidecar ._meta.json) | SICONFI RREO Anexo 03 via data/processed/r_estadual.csv (icms_bruto = rubrica ICMSLiquidoExcetoTransferenciasEFUNDEB, inclui FECP e consolida dívida ativa; FECP = dca_fecp_bruta, DCA Anexo I-C conta 1.1.1.4.50.2.0)"
CE,2025,uf_ano,12,0,,21470113316.78,153979668.15,21447585488.26,242717625.2,0.1050366650005019,0.8229714098429319,1.2508705804390896,1.9770230334720251,sem_ajuste,0.1050366650005019,,icms_confaz_rs = Σ 12 meses da coluna 'TOTAL DO ICMS  TOTAL DA SEÇÃO' (R$ correntes; duplicatas idênticas deduplicadas); desvio_pct = (icms_confaz_rs/icms_rreo_rs − 1)×100; pontes: +DAIC soma a dívida ativa de ICMS do boletim; −FECP deduz dca_fecp_bruta do RREO; mês pendente = total mensal < 50% da mediana mensal do UF-ano,"CONFAZ, Boletim de Arrecadação dos Tributos Estaduais, aba 'arrecadação por CNAE' (extração 23/06/2026, 'com pendências' — cabeçalho do arquivo); obtido pela interface do dados.gov.br (conjunto boletim-de-arrecadacao-dos-tributos-estaduais; API autenticada — rota fetch-manual §10.4); arquivo congelado data/raw/confaz/20260623_dados-abertos.xlsx (sha256 no sidecar ._meta.json) | SICONFI RREO Anexo 03 via data/processed/r_estadual.csv (icms_bruto = rubrica ICMSLiquidoExcetoTransferenciasEFUNDEB, inclui FECP e consolida dívida ativa; FECP = dca_fecp_bruta, DCA Anexo I-C conta 1.1.1.4.50.2.0)"
DF,2024,uf_ano,12,0,,11718594216.73,125266496.68,11716571022.7,99663888.56,0.01726779982025306,1.0864073666551732,0.8753369671963496,1.9536489071434682,sem_ajuste,0.01726779982025306,,icms_confaz_rs = Σ 12 meses da coluna 'TOTAL DO ICMS  TOTAL DA SEÇÃO' (R$ correntes; duplicatas idênticas deduplicadas); desvio_pct = (icms_confaz_rs/icms_rreo_rs − 1)×100; pontes: +DAIC soma a dívida ativa de ICMS do boletim; −FECP deduz dca_fecp_bruta do RREO; mês pendente = total mensal < 50% da mediana mensal do UF-ano,"CONFAZ, Boletim de Arrecadação dos Tributos Estaduais, aba 'arrecadação por CNAE' (extração 23/06/2026, 'com pendências' — cabeçalho do arquivo); obtido pela interface do dados.gov.br (conjunto boletim-de-arrecadacao-dos-tributos-estaduais; API autenticada — rota fetch-manual §10.4); arquivo congelado data/raw/confaz/20260623_dados-abertos.xlsx (sha256 no sidecar ._meta.json) | SICONFI RREO Anexo 03 via data/processed/r_estadual.csv (icms_bruto = rubrica ICMSLiquidoExcetoTransferenciasEFUNDEB, inclui FECP e consolida dívida ativa; FECP = dca_fecp_bruta, DCA Anexo I-C conta 1.1.1.4.50.2.0)"
DF,2025,uf_ano,12,0,,12596980594.36,112184515.21,12598092679.95,102870659.48,-0.008827412357192976,0.8816606802454441,0.8143798783510681,1.7121991810110426,sem_ajuste,-0.008827412357192976,,icms_confaz_rs = Σ 12 meses da coluna 'TOTAL DO ICMS  TOTAL DA SEÇÃO' (R$ correntes; duplicatas idênticas deduplicadas); desvio_pct = (icms_confaz_rs/icms_rreo_rs − 1)×100; pontes: +DAIC soma a dívida ativa de ICMS do boletim; −FECP deduz dca_fecp_bruta do RREO; mês pendente = total mensal < 50% da mediana mensal do UF-ano,"CONFAZ, Boletim de Arrecadação dos Tributos Estaduais, aba 'arrecadação por CNAE' (extração 23/06/2026, 'com pendências' — cabeçalho do arquivo); obtido pela interface do dados.gov.br (conjunto boletim-de-arrecadacao-dos-tributos-estaduais; API autenticada — rota fetch-manual §10.4); arquivo congelado data/raw/confaz/20260623_dados-abertos.xlsx (sha256 no sidecar ._meta.json) | SICONFI RREO Anexo 03 via data/processed/r_estadual.csv (icms_bruto = rubrica ICMSLiquidoExcetoTransferenciasEFUNDEB, inclui FECP e consolida dívida ativa; FECP = dca_fecp_bruta, DCA Anexo I-C conta 1.1.1.4.50.2.0)"
ES,2024,uf_ano,12,0,,20993212146.44,108290776.2,20888555332.12,93811827.41,0.5010246647314531,1.0194462332804521,0.9544173588149629,1.4751776950772122,sem_ajuste,0.5010246647314531,,icms_confaz_rs = Σ 12 meses da coluna 'TOTAL DO ICMS  TOTAL DA SEÇÃO' (R$ correntes; duplicatas idênticas deduplicadas); desvio_pct = (icms_confaz_rs/icms_rreo_rs − 1)×100; pontes: +DAIC soma a dívida ativa de ICMS do boletim; −FECP deduz dca_fecp_bruta do RREO; mês pendente = total mensal < 50% da mediana mensal do UF-ano,"CONFAZ, Boletim de Arrecadação dos Tributos Estaduais, aba 'arrecadação por CNAE' (extração 23/06/2026, 'com pendências' — cabeçalho do arquivo); obtido pela interface do dados.gov.br (conjunto boletim-de-arrecadacao-dos-tributos-estaduais; API autenticada — rota fetch-manual §10.4); arquivo congelado data/raw/confaz/20260623_dados-abertos.xlsx (sha256 no sidecar ._meta.json) | SICONFI RREO Anexo 03 via data/processed/r_estadual.csv (icms_bruto = rubrica ICMSLiquidoExcetoTransferenciasEFUNDEB, inclui FECP e consolida dívida ativa; FECP = dca_fecp_bruta, DCA Anexo I-C conta 1.1.1.4.50.2.0)"
ES,2025,uf_ano,12,0,,22780949849.69,140734910.67,22615846716.82,105362495.84,0.7300329496273461,1.3523174585037268,1.2015095990601576,1.8267067706911222,sem_ajuste,0.7300329496273461,,icms_confaz_rs = Σ 12 meses da coluna 'TOTAL DO ICMS  TOTAL DA SEÇÃO' (R$ correntes; duplicatas idênticas deduplicadas); desvio_pct = (icms_confaz_rs/icms_rreo_rs − 1)×100; pontes: +DAIC soma a dívida ativa de ICMS do boletim; −FECP deduz dca_fecp_bruta do RREO; mês pendente = total mensal < 50% da mediana mensal do UF-ano,"CONFAZ, Boletim de Arrecadação dos Tributos Estaduais, aba 'arrecadação por CNAE' (extração 23/06/2026, 'com pendências' — cabeçalho do arquivo); obtido pela interface do dados.gov.br (conjunto boletim-de-arrecadacao-dos-tributos-estaduais; API autenticada — rota fetch-manual §10.4); arquivo congelado data/raw/confaz/20260623_dados-abertos.xlsx (sha256 no sidecar ._meta.json) | SICONFI RREO Anexo 03 via data/processed/r_estadual.csv (icms_bruto = rubrica ICMSLiquidoExcetoTransferenciasEFUNDEB, inclui FECP e consolida dívida ativa; FECP = dca_fecp_bruta, DCA Anexo I-C conta 1.1.1.4.50.2.0)"
GO,2024,uf_ano,12,0,,29224305593.91,589626545.79,29215644409.71,488842102.28,0.02964570652126408,2.047833419656353,1.7318435973339152,3.7843746778207343,sem_ajuste,0.02964570652126408,,icms_confaz_rs = Σ 12 meses da coluna 'TOTAL DO ICMS  TOTAL DA SEÇÃO' (R$ correntes; duplicatas idênticas deduplicadas); desvio_pct = (icms_confaz_rs/icms_rreo_rs − 1)×100; pontes: +DAIC soma a dívida ativa de ICMS do boletim; −FECP deduz dca_fecp_bruta do RREO; mês pendente = total mensal < 50% da mediana mensal do UF-ano,"CONFAZ, Boletim de Arrecadação dos Tributos Estaduais, aba 'arrecadação por CNAE' (extração 23/06/2026, 'com pendências' — cabeçalho do arquivo); obtido pela interface do dados.gov.br (conjunto boletim-de-arrecadacao-dos-tributos-estaduais; API autenticada — rota fetch-manual §10.4); arquivo congelado data/raw/confaz/20260623_dados-abertos.xlsx (sha256 no sidecar ._meta.json) | SICONFI RREO Anexo 03 via data/processed/r_estadual.csv (icms_bruto = rubrica ICMSLiquidoExcetoTransferenciasEFUNDEB, inclui FECP e consolida dívida ativa; FECP = dca_fecp_bruta, DCA Anexo I-C conta 1.1.1.4.50.2.0)"
GO,2025,uf_ano,12,0,,30549114323.68,328425472.8,30532863822.63,483804047.45,0.053222983420098124,1.1288688013422865,1.6641271049453454,2.7570913283094134,sem_ajuste,0.053222983420098124,,icms_confaz_rs = Σ 12 meses da coluna 'TOTAL DO ICMS  TOTAL DA SEÇÃO' (R$ correntes; duplicatas idênticas deduplicadas); desvio_pct = (icms_confaz_rs/icms_rreo_rs − 1)×100; pontes: +DAIC soma a dívida ativa de ICMS do boletim; −FECP deduz dca_fecp_bruta do RREO; mês pendente = total mensal < 50% da mediana mensal do UF-ano,"CONFAZ, Boletim de Arrecadação dos Tributos Estaduais, aba 'arrecadação por CNAE' (extração 23/06/2026, 'com pendências' — cabeçalho do arquivo); obtido pela interface do dados.gov.br (conjunto boletim-de-arrecadacao-dos-tributos-estaduais; API autenticada — rota fetch-manual §10.4); arquivo congelado data/raw/confaz/20260623_dados-abertos.xlsx (sha256 no sidecar ._meta.json) | SICONFI RREO Anexo 03 via data/processed/r_estadual.csv (icms_bruto = rubrica ICMSLiquidoExcetoTransferenciasEFUNDEB, inclui FECP e consolida dívida ativa; FECP = dca_fecp_bruta, DCA Anexo I-C conta 1.1.1.4.50.2.0)"
MA,2024,uf_ano,12,0,,13719349480.81,87641039.16,13870071546.37,215918027.46,-1.0866711469808332,-0.4547995746749467,0.4774808032567135,1.1193443873934061,confaz+DAIC,-0.4547995746749467,ponte conceitual fecha: confaz+DAIC reduz o desvio de -1.09% para -0.45% (DAIC: RREO/DCA consolidam divida ativa que o boletim separa; FECP: RREO inclui o adicional que esta UF nao reporta no boletim),icms_confaz_rs = Σ 12 meses da coluna 'TOTAL DO ICMS  TOTAL DA SEÇÃO' (R$ correntes; duplicatas idênticas deduplicadas); desvio_pct = (icms_confaz_rs/icms_rreo_rs − 1)×100; pontes: +DAIC soma a dívida ativa de ICMS do boletim; −FECP deduz dca_fecp_bruta do RREO; mês pendente = total mensal < 50% da mediana mensal do UF-ano,"CONFAZ, Boletim de Arrecadação dos Tributos Estaduais, aba 'arrecadação por CNAE' (extração 23/06/2026, 'com pendências' — cabeçalho do arquivo); obtido pela interface do dados.gov.br (conjunto boletim-de-arrecadacao-dos-tributos-estaduais; API autenticada — rota fetch-manual §10.4); arquivo congelado data/raw/confaz/20260623_dados-abertos.xlsx (sha256 no sidecar ._meta.json) | SICONFI RREO Anexo 03 via data/processed/r_estadual.csv (icms_bruto = rubrica ICMSLiquidoExcetoTransferenciasEFUNDEB, inclui FECP e consolida dívida ativa; FECP = dca_fecp_bruta, DCA Anexo I-C conta 1.1.1.4.50.2.0)"
MA,2025,uf_ano,12,0,,15621177726.460001,118125970.19,15813244157.58,249176632.15,-1.2145922064191517,-0.4675856528437605,0.36693621983256985,1.125902152079994,rreo-FECP,0.36693621983256985,ponte conceitual fecha: rreo-FECP reduz o desvio de -1.21% para 0.37% (DAIC: RREO/DCA consolidam divida ativa que o boletim separa; FECP: RREO inclui o adicional que esta UF nao reporta no boletim),icms_confaz_rs = Σ 12 meses da coluna 'TOTAL DO ICMS  TOTAL DA SEÇÃO' (R$ correntes; duplicatas idênticas deduplicadas); desvio_pct = (icms_confaz_rs/icms_rreo_rs − 1)×100; pontes: +DAIC soma a dívida ativa de ICMS do boletim; −FECP deduz dca_fecp_bruta do RREO; mês pendente = total mensal < 50% da mediana mensal do UF-ano,"CONFAZ, Boletim de Arrecadação dos Tributos Estaduais, aba 'arrecadação por CNAE' (extração 23/06/2026, 'com pendências' — cabeçalho do arquivo); obtido pela interface do dados.gov.br (conjunto boletim-de-arrecadacao-dos-tributos-estaduais; API autenticada — rota fetch-manual §10.4); arquivo congelado data/raw/confaz/20260623_dados-abertos.xlsx (sha256 no sidecar ._meta.json) | SICONFI RREO Anexo 03 via data/processed/r_estadual.csv (icms_bruto = rubrica ICMSLiquidoExcetoTransferenciasEFUNDEB, inclui FECP e consolida dívida ativa; FECP = dca_fecp_bruta, DCA Anexo I-C conta 1.1.1.4.50.2.0)"
MG,2024,uf_ano,12,0,,80536918125.16,932883008.38,81523297330.91,969232274.57,-1.2099353657718304,-0.06562074783709182,-0.021286239456697054,1.1367968538391393,rreo-FECP,-0.021286239456697054,ponte conceitual fecha: rreo-FECP reduz o desvio de -1.21% para -0.02% (DAIC: RREO/DCA consolidam divida ativa que o boletim separa; FECP: RREO inclui o adicional que esta UF nao reporta no boletim),icms_confaz_rs = Σ 12 meses da coluna 'TOTAL DO ICMS  TOTAL DA SEÇÃO' (R$ correntes; duplicatas idênticas deduplicadas); desvio_pct = (icms_confaz_rs/icms_rreo_rs − 1)×100; pontes: +DAIC soma a dívida ativa de ICMS do boletim; −FECP deduz dca_fecp_bruta do RREO; mês pendente = total mensal < 50% da mediana mensal do UF-ano,"CONFAZ, Boletim de Arrecadação dos Tributos Estaduais, aba 'arrecadação por CNAE' (extração 23/06/2026, 'com pendências' — cabeçalho do arquivo); obtido pela interface do dados.gov.br (conjunto boletim-de-arrecadacao-dos-tributos-estaduais; API autenticada — rota fetch-manual §10.4); arquivo congelado data/raw/confaz/20260623_dados-abertos.xlsx (sha256 no sidecar ._meta.json) | SICONFI RREO Anexo 03 via data/processed/r_estadual.csv (icms_bruto = rubrica ICMSLiquidoExcetoTransferenciasEFUNDEB, inclui FECP e consolida dívida ativa; FECP = dca_fecp_bruta, DCA Anexo I-C conta 1.1.1.4.50.2.0)"
MG,2025,uf_ano,12,0,,86630345964.99,997783142.85,87712076044.45,1104839360.82,-1.2332738298336476,-0.09570738762065822,0.026682852663273415,1.1787611096971906,rreo-FECP,0.026682852663273415,ponte conceitual fecha: rreo-FECP reduz o desvio de -1.23% para 0.03% (DAIC: RREO/DCA consolidam divida ativa que o boletim separa; FECP: RREO inclui o adicional que esta UF nao reporta no boletim),icms_confaz_rs = Σ 12 meses da coluna 'TOTAL DO ICMS  TOTAL DA SEÇÃO' (R$ correntes; duplicatas idênticas deduplicadas); desvio_pct = (icms_confaz_rs/icms_rreo_rs − 1)×100; pontes: +DAIC soma a dívida ativa de ICMS do boletim; −FECP deduz dca_fecp_bruta do RREO; mês pendente = total mensal < 50% da mediana mensal do UF-ano,"CONFAZ, Boletim de Arrecadação dos Tributos Estaduais, aba 'arrecadação por CNAE' (extração 23/06/2026, 'com pendências' — cabeçalho do arquivo); obtido pela interface do dados.gov.br (conjunto boletim-de-arrecadacao-dos-tributos-estaduais; API autenticada — rota fetch-manual §10.4); arquivo congelado data/raw/confaz/20260623_dados-abertos.xlsx (sha256 no sidecar ._meta.json) | SICONFI RREO Anexo 03 via data/processed/r_estadual.csv (icms_bruto = rubrica ICMSLiquidoExcetoTransferenciasEFUNDEB, inclui FECP e consolida dívida ativa; FECP = dca_fecp_bruta, DCA Anexo I-C conta 1.1.1.4.50.2.0)"
MS,2024,uf_ano,12,0,,17037613776.610003,72630220.6,17030658703.33,88055884.05,0.040838545361965295,0.46730602301625623,0.5607813530391192,0.989465312491622,sem_ajuste,0.040838545361965295,,icms_confaz_rs = Σ 12 meses da coluna 'TOTAL DO ICMS  TOTAL DA SEÇÃO' (R$ correntes; duplicatas idênticas deduplicadas); desvio_pct = (icms_confaz_rs/icms_rreo_rs − 1)×100; pontes: +DAIC soma a dívida ativa de ICMS do boletim; −FECP deduz dca_fecp_bruta do RREO; mês pendente = total mensal < 50% da mediana mensal do UF-ano,"CONFAZ, Boletim de Arrecadação dos Tributos Estaduais, aba 'arrecadação por CNAE' (extração 23/06/2026, 'com pendências' — cabeçalho do arquivo); obtido pela interface do dados.gov.br (conjunto boletim-de-arrecadacao-dos-tributos-estaduais; API autenticada — rota fetch-manual §10.4); arquivo congelado data/raw/confaz/20260623_dados-abertos.xlsx (sha256 no sidecar ._meta.json) | SICONFI RREO Anexo 03 via data/processed/r_estadual.csv (icms_bruto = rubrica ICMSLiquidoExcetoTransferenciasEFUNDEB, inclui FECP e consolida dívida ativa; FECP = dca_fecp_bruta, DCA Anexo I-C conta 1.1.1.4.50.2.0)"
MS,2025,uf_ano,12,0,,17635903700.140003,61091205.58,17621634610.85,81501844.37,0.08097483352207391,0.427657799825254,0.5460103120942472,0.8943041727698775,sem_ajuste,0.08097483352207391,,icms_confaz_rs = Σ 12 meses da coluna 'TOTAL DO ICMS  TOTAL DA SEÇÃO' (R$ correntes; duplicatas idênticas deduplicadas); desvio_pct = (icms_confaz_rs/icms_rreo_rs − 1)×100; pontes: +DAIC soma a dívida ativa de ICMS do boletim; −FECP deduz dca_fecp_bruta do RREO; mês pendente = total mensal < 50% da mediana mensal do UF-ano,"CONFAZ, Boletim de Arrecadação dos Tributos Estaduais, aba 'arrecadação por CNAE' (extração 23/06/2026, 'com pendências' — cabeçalho do arquivo); obtido pela interface do dados.gov.br (conjunto boletim-de-arrecadacao-dos-tributos-estaduais; API autenticada — rota fetch-manual §10.4); arquivo congelado data/raw/confaz/20260623_dados-abertos.xlsx (sha256 no sidecar ._meta.json) | SICONFI RREO Anexo 03 via data/processed/r_estadual.csv (icms_bruto = rubrica ICMSLiquidoExcetoTransferenciasEFUNDEB, inclui FECP e consolida dívida ativa; FECP = dca_fecp_bruta, DCA Anexo I-C conta 1.1.1.4.50.2.0)"
MT,2024,uf_ano,12,0,,23088387184.12,148405015.28,23086882922.46,197933515.69,0.006515655080208127,0.6493266217162619,0.8713277914407458,1.5196975031414706,sem_ajuste,0.006515655080208127,,icms_confaz_rs = Σ 12 meses da coluna 'TOTAL DO ICMS  TOTAL DA SEÇÃO' (R$ correntes; duplicatas idênticas deduplicadas); desvio_pct = (icms_confaz_rs/icms_rreo_rs − 1)×100; pontes: +DAIC soma a dívida ativa de ICMS do boletim; −FECP deduz dca_fecp_bruta do RREO; mês pendente = total mensal < 50% da mediana mensal do UF-ano,"CONFAZ, Boletim de Arrecadação dos Tributos Estaduais, aba 'arrecadação por CNAE' (extração 23/06/2026, 'com pendências' — cabeçalho do arquivo); obtido pela interface do dados.gov.br (conjunto boletim-de-arrecadacao-dos-tributos-estaduais; API autenticada — rota fetch-manual §10.4); arquivo congelado data/raw/confaz/20260623_dados-abertos.xlsx (sha256 no sidecar ._meta.json) | SICONFI RREO Anexo 03 via data/processed/r_estadual.csv (icms_bruto = rubrica ICMSLiquidoExcetoTransferenciasEFUNDEB, inclui FECP e consolida dívida ativa; FECP = dca_fecp_bruta, DCA Anexo I-C conta 1.1.1.4.50.2.0)"
MT,2025,uf_ano,12,0,,26031592330.87,151302043.33,26030429022.27,181277704.78,0.004469033526111055,0.58571970442578,0.7057911153027119,1.291118043338546,sem_ajuste,0.004469033526111055,,icms_confaz_rs = Σ 12 meses da coluna 'TOTAL DO ICMS  TOTAL DA SEÇÃO' (R$ correntes; duplicatas idênticas deduplicadas); desvio_pct = (icms_confaz_rs/icms_rreo_rs − 1)×100; pontes: +DAIC soma a dívida ativa de ICMS do boletim; −FECP deduz dca_fecp_bruta do RREO; mês pendente = total mensal < 50% da mediana mensal do UF-ano,"CONFAZ, Boletim de Arrecadação dos Tributos Estaduais, aba 'arrecadação por CNAE' (extração 23/06/2026, 'com pendências' — cabeçalho do arquivo); obtido pela interface do dados.gov.br (conjunto boletim-de-arrecadacao-dos-tributos-estaduais; API autenticada — rota fetch-manual §10.4); arquivo congelado data/raw/confaz/20260623_dados-abertos.xlsx (sha256 no sidecar ._meta.json) | SICONFI RREO Anexo 03 via data/processed/r_estadual.csv (icms_bruto = rubrica ICMSLiquidoExcetoTransferenciasEFUNDEB, inclui FECP e consolida dívida ativa; FECP = dca_fecp_bruta, DCA Anexo I-C conta 1.1.1.4.50.2.0)"
PA,2024,uf_ano,12,0,,24397302453.940002,302205742.97,24394691448.02,0.0,0.010703172555248663,1.249520821115957,0.010703172555248663,1.249520821115957,sem_ajuste,0.010703172555248663,,icms_confaz_rs = Σ 12 meses da coluna 'TOTAL DO ICMS  TOTAL DA SEÇÃO' (R$ correntes; duplicatas idênticas deduplicadas); desvio_pct = (icms_confaz_rs/icms_rreo_rs − 1)×100; pontes: +DAIC soma a dívida ativa de ICMS do boletim; −FECP deduz dca_fecp_bruta do RREO; mês pendente = total mensal < 50% da mediana mensal do UF-ano,"CONFAZ, Boletim de Arrecadação dos Tributos Estaduais, aba 'arrecadação por CNAE' (extração 23/06/2026, 'com pendências' — cabeçalho do arquivo); obtido pela interface do dados.gov.br (conjunto boletim-de-arrecadacao-dos-tributos-estaduais; API autenticada — rota fetch-manual §10.4); arquivo congelado data/raw/confaz/20260623_dados-abertos.xlsx (sha256 no sidecar ._meta.json) | SICONFI RREO Anexo 03 via data/processed/r_estadual.csv (icms_bruto = rubrica ICMSLiquidoExcetoTransferenciasEFUNDEB, inclui FECP e consolida dívida ativa; FECP = dca_fecp_bruta, DCA Anexo I-C conta 1.1.1.4.50.2.0)"
PA,2025,uf_ano,12,0,,25081072571.23,211719358.7,25079145957.84,0.0,0.007682133168485095,0.8518869520084849,0.007682133168485095,0.8518869520084849,sem_ajuste,0.007682133168485095,,icms_confaz_rs = Σ 12 meses da coluna 'TOTAL DO ICMS  TOTAL DA SEÇÃO' (R$ correntes; duplicatas idênticas deduplicadas); desvio_pct = (icms_confaz_rs/icms_rreo_rs − 1)×100; pontes: +DAIC soma a dívida ativa de ICMS do boletim; −FECP deduz dca_fecp_bruta do RREO; mês pendente = total mensal < 50% da mediana mensal do UF-ano,"CONFAZ, Boletim de Arrecadação dos Tributos Estaduais, aba 'arrecadação por CNAE' (extração 23/06/2026, 'com pendências' — cabeçalho do arquivo); obtido pela interface do dados.gov.br (conjunto boletim-de-arrecadacao-dos-tributos-estaduais; API autenticada — rota fetch-manual §10.4); arquivo congelado data/raw/confaz/20260623_dados-abertos.xlsx (sha256 no sidecar ._meta.json) | SICONFI RREO Anexo 03 via data/processed/r_estadual.csv (icms_bruto = rubrica ICMSLiquidoExcetoTransferenciasEFUNDEB, inclui FECP e consolida dívida ativa; FECP = dca_fecp_bruta, DCA Anexo I-C conta 1.1.1.4.50.2.0)"
PB,2024,uf_ano,12,0,,9742740229.42,83761286.46000001,9713259973.35,127722366.2,0.30350527166866925,1.1658448640384123,1.6399979710344015,2.513827795639356,sem_ajuste,0.30350527166866925,,icms_confaz_rs = Σ 12 meses da coluna 'TOTAL DO ICMS  TOTAL DA SEÇÃO' (R$ correntes; duplicatas idênticas deduplicadas); desvio_pct = (icms_confaz_rs/icms_rreo_rs − 1)×100; pontes: +DAIC soma a dívida ativa de ICMS do boletim; −FECP deduz dca_fecp_bruta do RREO; mês pendente = total mensal < 50% da mediana mensal do UF-ano,"CONFAZ, Boletim de Arrecadação dos Tributos Estaduais, aba 'arrecadação por CNAE' (extração 23/06/2026, 'com pendências' — cabeçalho do arquivo); obtido pela interface do dados.gov.br (conjunto boletim-de-arrecadacao-dos-tributos-estaduais; API autenticada — rota fetch-manual §10.4); arquivo congelado data/raw/confaz/20260623_dados-abertos.xlsx (sha256 no sidecar ._meta.json) | SICONFI RREO Anexo 03 via data/processed/r_estadual.csv (icms_bruto = rubrica ICMSLiquidoExcetoTransferenciasEFUNDEB, inclui FECP e consolida dívida ativa; FECP = dca_fecp_bruta, DCA Anexo I-C conta 1.1.1.4.50.2.0)"
PB,2025,uf_ano,12,0,,10573068469.65,254997430.1,10554097792.24,137689182.88,0.17974703080683163,2.595845830720256,1.5039719174344546,3.952007892817222,sem_ajuste,0.17974703080683163,,icms_confaz_rs = Σ 12 meses da coluna 'TOTAL DO ICMS  TOTAL DA SEÇÃO' (R$ correntes; duplicatas idênticas deduplicadas); desvio_pct = (icms_confaz_rs/icms_rreo_rs − 1)×100; pontes: +DAIC soma a dívida ativa de ICMS do boletim; −FECP deduz dca_fecp_bruta do RREO; mês pendente = total mensal < 50% da mediana mensal do UF-ano,"CONFAZ, Boletim de Arrecadação dos Tributos Estaduais, aba 'arrecadação por CNAE' (extração 23/06/2026, 'com pendências' — cabeçalho do arquivo); obtido pela interface do dados.gov.br (conjunto boletim-de-arrecadacao-dos-tributos-estaduais; API autenticada — rota fetch-manual §10.4); arquivo congelado data/raw/confaz/20260623_dados-abertos.xlsx (sha256 no sidecar ._meta.json) | SICONFI RREO Anexo 03 via data/processed/r_estadual.csv (icms_bruto = rubrica ICMSLiquidoExcetoTransferenciasEFUNDEB, inclui FECP e consolida dívida ativa; FECP = dca_fecp_bruta, DCA Anexo I-C conta 1.1.1.4.50.2.0)"
PE,2024,uf_ano,12,0,,27036044517.04,140989177.49,26156973043.44,407643079.79,3.3607538308813245,3.899765654825371,4.9970797500612285,5.544624784005947,sem_ajuste,3.3607538308813245,"sem ponte que feche em dado aberto (melhor: sem_ajuste, 3.36%); boletim ACIMA do RREO: consistente com caixa bruto de restituicoes no boletim (o RREO e liquido de restituicoes) e/ou caixa×competencia",icms_confaz_rs = Σ 12 meses da coluna 'TOTAL DO ICMS  TOTAL DA SEÇÃO' (R$ correntes; duplicatas idênticas deduplicadas); desvio_pct = (icms_confaz_rs/icms_rreo_rs − 1)×100; pontes: +DAIC soma a dívida ativa de ICMS do boletim; −FECP deduz dca_fecp_bruta do RREO; mês pendente = total mensal < 50% da mediana mensal do UF-ano,"CONFAZ, Boletim de Arrecadação dos Tributos Estaduais, aba 'arrecadação por CNAE' (extração 23/06/2026, 'com pendências' — cabeçalho do arquivo); obtido pela interface do dados.gov.br (conjunto boletim-de-arrecadacao-dos-tributos-estaduais; API autenticada — rota fetch-manual §10.4); arquivo congelado data/raw/confaz/20260623_dados-abertos.xlsx (sha256 no sidecar ._meta.json) | SICONFI RREO Anexo 03 via data/processed/r_estadual.csv (icms_bruto = rubrica ICMSLiquidoExcetoTransferenciasEFUNDEB, inclui FECP e consolida dívida ativa; FECP = dca_fecp_bruta, DCA Anexo I-C conta 1.1.1.4.50.2.0)"
PE,2025,uf_ano,12,0,,28401292561.4,232789212.78,27634962927.91,445915226.64,2.773043826724453,3.615415909463504,4.458577856235024,5.3147653010388485,sem_ajuste,2.773043826724453,"sem ponte que feche em dado aberto (melhor: sem_ajuste, 2.77%); boletim ACIMA do RREO: consistente com caixa bruto de restituicoes no boletim (o RREO e liquido de restituicoes) e/ou caixa×competencia",icms_confaz_rs = Σ 12 meses da coluna 'TOTAL DO ICMS  TOTAL DA SEÇÃO' (R$ correntes; duplicatas idênticas deduplicadas); desvio_pct = (icms_confaz_rs/icms_rreo_rs − 1)×100; pontes: +DAIC soma a dívida ativa de ICMS do boletim; −FECP deduz dca_fecp_bruta do RREO; mês pendente = total mensal < 50% da mediana mensal do UF-ano,"CONFAZ, Boletim de Arrecadação dos Tributos Estaduais, aba 'arrecadação por CNAE' (extração 23/06/2026, 'com pendências' — cabeçalho do arquivo); obtido pela interface do dados.gov.br (conjunto boletim-de-arrecadacao-dos-tributos-estaduais; API autenticada — rota fetch-manual §10.4); arquivo congelado data/raw/confaz/20260623_dados-abertos.xlsx (sha256 no sidecar ._meta.json) | SICONFI RREO Anexo 03 via data/processed/r_estadual.csv (icms_bruto = rubrica ICMSLiquidoExcetoTransferenciasEFUNDEB, inclui FECP e consolida dívida ativa; FECP = dca_fecp_bruta, DCA Anexo I-C conta 1.1.1.4.50.2.0)"
PI,2024,uf_ano,12,0,,7719113416.7300005,10337046.52,7713816236.26,83083393.03,0.06867133345878074,0.2026782400714966,1.1582186837848951,1.2936846571372618,sem_ajuste,0.06867133345878074,,icms_confaz_rs = Σ 12 meses da coluna 'TOTAL DO ICMS  TOTAL DA SEÇÃO' (R$ correntes; duplicatas idênticas deduplicadas); desvio_pct = (icms_confaz_rs/icms_rreo_rs − 1)×100; pontes: +DAIC soma a dívida ativa de ICMS do boletim; −FECP deduz dca_fecp_bruta do RREO; mês pendente = total mensal < 50% da mediana mensal do UF-ano,"CONFAZ, Boletim de Arrecadação dos Tributos Estaduais, aba 'arrecadação por CNAE' (extração 23/06/2026, 'com pendências' — cabeçalho do arquivo); obtido pela interface do dados.gov.br (conjunto boletim-de-arrecadacao-dos-tributos-estaduais; API autenticada — rota fetch-manual §10.4); arquivo congelado data/raw/confaz/20260623_dados-abertos.xlsx (sha256 no sidecar ._meta.json) | SICONFI RREO Anexo 03 via data/processed/r_estadual.csv (icms_bruto = rubrica ICMSLiquidoExcetoTransferenciasEFUNDEB, inclui FECP e consolida dívida ativa; FECP = dca_fecp_bruta, DCA Anexo I-C conta 1.1.1.4.50.2.0)"
PI,2025,uf_ano,12,0,,8483832107.190001,9707512.6,8476783762.62,88101586.81,0.08314880699307192,0.19766762535442517,1.1342655423801862,1.2499870871538477,sem_ajuste,0.08314880699307192,,icms_confaz_rs = Σ 12 meses da coluna 'TOTAL DO ICMS  TOTAL DA SEÇÃO' (R$ correntes; duplicatas idênticas deduplicadas); desvio_pct = (icms_confaz_rs/icms_rreo_rs − 1)×100; pontes: +DAIC soma a dívida ativa de ICMS do boletim; −FECP deduz dca_fecp_bruta do RREO; mês pendente = total mensal < 50% da mediana mensal do UF-ano,"CONFAZ, Boletim de Arrecadação dos Tributos Estaduais, aba 'arrecadação por CNAE' (extração 23/06/2026, 'com pendências' — cabeçalho do arquivo); obtido pela interface do dados.gov.br (conjunto boletim-de-arrecadacao-dos-tributos-estaduais; API autenticada — rota fetch-manual §10.4); arquivo congelado data/raw/confaz/20260623_dados-abertos.xlsx (sha256 no sidecar ._meta.json) | SICONFI RREO Anexo 03 via data/processed/r_estadual.csv (icms_bruto = rubrica ICMSLiquidoExcetoTransferenciasEFUNDEB, inclui FECP e consolida dívida ativa; FECP = dca_fecp_bruta, DCA Anexo I-C conta 1.1.1.4.50.2.0)"
PR,2024,uf_ano,12,0,,51963955772.090004,280833792.23,51674948955.47,905843174.07,0.559278378521566,1.1027405355369613,2.3534981999382643,2.9066570312937134,sem_ajuste,0.559278378521566,,icms_confaz_rs = Σ 12 meses da coluna 'TOTAL DO ICMS  TOTAL DA SEÇÃO' (R$ correntes; duplicatas idênticas deduplicadas); desvio_pct = (icms_confaz_rs/icms_rreo_rs − 1)×100; pontes: +DAIC soma a dívida ativa de ICMS do boletim; −FECP deduz dca_fecp_bruta do RREO; mês pendente = total mensal < 50% da mediana mensal do UF-ano,"CONFAZ, Boletim de Arrecadação dos Tributos Estaduais, aba 'arrecadação por CNAE' (extração 23/06/2026, 'com pendências' — cabeçalho do arquivo); obtido pela interface do dados.gov.br (conjunto boletim-de-arrecadacao-dos-tributos-estaduais; API autenticada — rota fetch-manual §10.4); arquivo congelado data/raw/confaz/20260623_dados-abertos.xlsx (sha256 no sidecar ._meta.json) | SICONFI RREO Anexo 03 via data/processed/r_estadual.csv (icms_bruto = rubrica ICMSLiquidoExcetoTransferenciasEFUNDEB, inclui FECP e consolida dívida ativa; FECP = dca_fecp_bruta, DCA Anexo I-C conta 1.1.1.4.50.2.0)"
PR,2025,uf_ano,12,0,,53574245309.770004,191111880.92,53382822594.19,861230961.67,0.35858485235067405,0.716587430020299,2.0042303451409893,2.368103325718507,sem_ajuste,0.35858485235067405,,icms_confaz_rs = Σ 12 meses da coluna 'TOTAL DO ICMS  TOTAL DA SEÇÃO' (R$ correntes; duplicatas idênticas deduplicadas); desvio_pct = (icms_confaz_rs/icms_rreo_rs − 1)×100; pontes: +DAIC soma a dívida ativa de ICMS do boletim; −FECP deduz dca_fecp_bruta do RREO; mês pendente = total mensal < 50% da mediana mensal do UF-ano,"CONFAZ, Boletim de Arrecadação dos Tributos Estaduais, aba 'arrecadação por CNAE' (extração 23/06/2026, 'com pendências' — cabeçalho do arquivo); obtido pela interface do dados.gov.br (conjunto boletim-de-arrecadacao-dos-tributos-estaduais; API autenticada — rota fetch-manual §10.4); arquivo congelado data/raw/confaz/20260623_dados-abertos.xlsx (sha256 no sidecar ._meta.json) | SICONFI RREO Anexo 03 via data/processed/r_estadual.csv (icms_bruto = rubrica ICMSLiquidoExcetoTransferenciasEFUNDEB, inclui FECP e consolida dívida ativa; FECP = dca_fecp_bruta, DCA Anexo I-C conta 1.1.1.4.50.2.0)"
RJ,2024,uf_ano,12,0,,50244407817.71,774882001.31,56894602954.23,6661853131.81,-11.688622103347635,-10.326661634208989,0.023207957619697517,1.5657912405363517,rreo-FECP,0.023207957619697517,ponte conceitual fecha: rreo-FECP reduz o desvio de -11.69% para 0.02% (DAIC: RREO/DCA consolidam divida ativa que o boletim separa; FECP: RREO inclui o adicional que esta UF nao reporta no boletim),icms_confaz_rs = Σ 12 meses da coluna 'TOTAL DO ICMS  TOTAL DA SEÇÃO' (R$ correntes; duplicatas idênticas deduplicadas); desvio_pct = (icms_confaz_rs/icms_rreo_rs − 1)×100; pontes: +DAIC soma a dívida ativa de ICMS do boletim; −FECP deduz dca_fecp_bruta do RREO; mês pendente = total mensal < 50% da mediana mensal do UF-ano,"CONFAZ, Boletim de Arrecadação dos Tributos Estaduais, aba 'arrecadação por CNAE' (extração 23/06/2026, 'com pendências' — cabeçalho do arquivo); obtido pela interface do dados.gov.br (conjunto boletim-de-arrecadacao-dos-tributos-estaduais; API autenticada — rota fetch-manual §10.4); arquivo congelado data/raw/confaz/20260623_dados-abertos.xlsx (sha256 no sidecar ._meta.json) | SICONFI RREO Anexo 03 via data/processed/r_estadual.csv (icms_bruto = rubrica ICMSLiquidoExcetoTransferenciasEFUNDEB, inclui FECP e consolida dívida ativa; FECP = dca_fecp_bruta, DCA Anexo I-C conta 1.1.1.4.50.2.0)"
RJ,2025,uf_ano,12,0,,55787463786.3,1091754456.15,62386507272.83,6803255253.59,-10.577677409749707,-8.827692510971008,0.36739801944174477,2.331576825986015,rreo-FECP,0.36739801944174477,ponte conceitual fecha: rreo-FECP reduz o desvio de -10.58% para 0.37% (DAIC: RREO/DCA consolidam divida ativa que o boletim separa; FECP: RREO inclui o adicional que esta UF nao reporta no boletim),icms_confaz_rs = Σ 12 meses da coluna 'TOTAL DO ICMS  TOTAL DA SEÇÃO' (R$ correntes; duplicatas idênticas deduplicadas); desvio_pct = (icms_confaz_rs/icms_rreo_rs − 1)×100; pontes: +DAIC soma a dívida ativa de ICMS do boletim; −FECP deduz dca_fecp_bruta do RREO; mês pendente = total mensal < 50% da mediana mensal do UF-ano,"CONFAZ, Boletim de Arrecadação dos Tributos Estaduais, aba 'arrecadação por CNAE' (extração 23/06/2026, 'com pendências' — cabeçalho do arquivo); obtido pela interface do dados.gov.br (conjunto boletim-de-arrecadacao-dos-tributos-estaduais; API autenticada — rota fetch-manual §10.4); arquivo congelado data/raw/confaz/20260623_dados-abertos.xlsx (sha256 no sidecar ._meta.json) | SICONFI RREO Anexo 03 via data/processed/r_estadual.csv (icms_bruto = rubrica ICMSLiquidoExcetoTransferenciasEFUNDEB, inclui FECP e consolida dívida ativa; FECP = dca_fecp_bruta, DCA Anexo I-C conta 1.1.1.4.50.2.0)"
RN,2024,uf_ano,12,0,,8458150418.78,0.0,8459893757.36,45626466.86,-0.0206070977957995,-0.0206070977957995,0.5215323778642755,0.5215323778642755,sem_ajuste,-0.0206070977957995,,icms_confaz_rs = Σ 12 meses da coluna 'TOTAL DO ICMS  TOTAL DA SEÇÃO' (R$ correntes; duplicatas idênticas deduplicadas); desvio_pct = (icms_confaz_rs/icms_rreo_rs − 1)×100; pontes: +DAIC soma a dívida ativa de ICMS do boletim; −FECP deduz dca_fecp_bruta do RREO; mês pendente = total mensal < 50% da mediana mensal do UF-ano,"CONFAZ, Boletim de Arrecadação dos Tributos Estaduais, aba 'arrecadação por CNAE' (extração 23/06/2026, 'com pendências' — cabeçalho do arquivo); obtido pela interface do dados.gov.br (conjunto boletim-de-arrecadacao-dos-tributos-estaduais; API autenticada — rota fetch-manual §10.4); arquivo congelado data/raw/confaz/20260623_dados-abertos.xlsx (sha256 no sidecar ._meta.json) | SICONFI RREO Anexo 03 via data/processed/r_estadual.csv (icms_bruto = rubrica ICMSLiquidoExcetoTransferenciasEFUNDEB, inclui FECP e consolida dívida ativa; FECP = dca_fecp_bruta, DCA Anexo I-C conta 1.1.1.4.50.2.0)"
RN,2025,uf_ano,12,0,,9294390476.34,0.0,9448358870.57,64805050.2,-1.6295781768999484,-1.6295781768999484,-0.9502086921102437,-0.9502086921102437,rreo-FECP,-0.9502086921102437,ponte conceitual fecha: rreo-FECP reduz o desvio de -1.63% para -0.95% (DAIC: RREO/DCA consolidam divida ativa que o boletim separa; FECP: RREO inclui o adicional que esta UF nao reporta no boletim),icms_confaz_rs = Σ 12 meses da coluna 'TOTAL DO ICMS  TOTAL DA SEÇÃO' (R$ correntes; duplicatas idênticas deduplicadas); desvio_pct = (icms_confaz_rs/icms_rreo_rs − 1)×100; pontes: +DAIC soma a dívida ativa de ICMS do boletim; −FECP deduz dca_fecp_bruta do RREO; mês pendente = total mensal < 50% da mediana mensal do UF-ano,"CONFAZ, Boletim de Arrecadação dos Tributos Estaduais, aba 'arrecadação por CNAE' (extração 23/06/2026, 'com pendências' — cabeçalho do arquivo); obtido pela interface do dados.gov.br (conjunto boletim-de-arrecadacao-dos-tributos-estaduais; API autenticada — rota fetch-manual §10.4); arquivo congelado data/raw/confaz/20260623_dados-abertos.xlsx (sha256 no sidecar ._meta.json) | SICONFI RREO Anexo 03 via data/processed/r_estadual.csv (icms_bruto = rubrica ICMSLiquidoExcetoTransferenciasEFUNDEB, inclui FECP e consolida dívida ativa; FECP = dca_fecp_bruta, DCA Anexo I-C conta 1.1.1.4.50.2.0)"
RO,2024,uf_ano,12,0,,7375988199.97,143794999.57,7507448778.0,38235652.14,-1.7510685975671847,0.16429578016097235,-1.2481224503721133,0.6770468699696996,confaz+DAIC,0.16429578016097235,ponte conceitual fecha: confaz+DAIC reduz o desvio de -1.75% para 0.16% (DAIC: RREO/DCA consolidam divida ativa que o boletim separa; FECP: RREO inclui o adicional que esta UF nao reporta no boletim),icms_confaz_rs = Σ 12 meses da coluna 'TOTAL DO ICMS  TOTAL DA SEÇÃO' (R$ correntes; duplicatas idênticas deduplicadas); desvio_pct = (icms_confaz_rs/icms_rreo_rs − 1)×100; pontes: +DAIC soma a dívida ativa de ICMS do boletim; −FECP deduz dca_fecp_bruta do RREO; mês pendente = total mensal < 50% da mediana mensal do UF-ano,"CONFAZ, Boletim de Arrecadação dos Tributos Estaduais, aba 'arrecadação por CNAE' (extração 23/06/2026, 'com pendências' — cabeçalho do arquivo); obtido pela interface do dados.gov.br (conjunto boletim-de-arrecadacao-dos-tributos-estaduais; API autenticada — rota fetch-manual §10.4); arquivo congelado data/raw/confaz/20260623_dados-abertos.xlsx (sha256 no sidecar ._meta.json) | SICONFI RREO Anexo 03 via data/processed/r_estadual.csv (icms_bruto = rubrica ICMSLiquidoExcetoTransferenciasEFUNDEB, inclui FECP e consolida dívida ativa; FECP = dca_fecp_bruta, DCA Anexo I-C conta 1.1.1.4.50.2.0)"
RO,2025,uf_ano,12,0,,7996415671.53,175386368.57,8125984783.1,43775356.92,-1.5945034974649719,0.5638363622743503,-1.0615136298262273,1.1085163622435834,confaz+DAIC,0.5638363622743503,ponte conceitual fecha: confaz+DAIC reduz o desvio de -1.59% para 0.56% (DAIC: RREO/DCA consolidam divida ativa que o boletim separa; FECP: RREO inclui o adicional que esta UF nao reporta no boletim),icms_confaz_rs = Σ 12 meses da coluna 'TOTAL DO ICMS  TOTAL DA SEÇÃO' (R$ correntes; duplicatas idênticas deduplicadas); desvio_pct = (icms_confaz_rs/icms_rreo_rs − 1)×100; pontes: +DAIC soma a dívida ativa de ICMS do boletim; −FECP deduz dca_fecp_bruta do RREO; mês pendente = total mensal < 50% da mediana mensal do UF-ano,"CONFAZ, Boletim de Arrecadação dos Tributos Estaduais, aba 'arrecadação por CNAE' (extração 23/06/2026, 'com pendências' — cabeçalho do arquivo); obtido pela interface do dados.gov.br (conjunto boletim-de-arrecadacao-dos-tributos-estaduais; API autenticada — rota fetch-manual §10.4); arquivo congelado data/raw/confaz/20260623_dados-abertos.xlsx (sha256 no sidecar ._meta.json) | SICONFI RREO Anexo 03 via data/processed/r_estadual.csv (icms_bruto = rubrica ICMSLiquidoExcetoTransferenciasEFUNDEB, inclui FECP e consolida dívida ativa; FECP = dca_fecp_bruta, DCA Anexo I-C conta 1.1.1.4.50.2.0)"
RR,2024,uf_ano,12,0,,1987650754.99,7702808.93,2010397364.85,0.0,-1.1314484518187284,-0.7482998731010659,-1.1314484518187284,-0.7482998731010659,confaz+DAIC,-0.7482998731010659,ponte conceitual fecha: confaz+DAIC reduz o desvio de -1.13% para -0.75% (DAIC: RREO/DCA consolidam divida ativa que o boletim separa; FECP: RREO inclui o adicional que esta UF nao reporta no boletim),icms_confaz_rs = Σ 12 meses da coluna 'TOTAL DO ICMS  TOTAL DA SEÇÃO' (R$ correntes; duplicatas idênticas deduplicadas); desvio_pct = (icms_confaz_rs/icms_rreo_rs − 1)×100; pontes: +DAIC soma a dívida ativa de ICMS do boletim; −FECP deduz dca_fecp_bruta do RREO; mês pendente = total mensal < 50% da mediana mensal do UF-ano,"CONFAZ, Boletim de Arrecadação dos Tributos Estaduais, aba 'arrecadação por CNAE' (extração 23/06/2026, 'com pendências' — cabeçalho do arquivo); obtido pela interface do dados.gov.br (conjunto boletim-de-arrecadacao-dos-tributos-estaduais; API autenticada — rota fetch-manual §10.4); arquivo congelado data/raw/confaz/20260623_dados-abertos.xlsx (sha256 no sidecar ._meta.json) | SICONFI RREO Anexo 03 via data/processed/r_estadual.csv (icms_bruto = rubrica ICMSLiquidoExcetoTransferenciasEFUNDEB, inclui FECP e consolida dívida ativa; FECP = dca_fecp_bruta, DCA Anexo I-C conta 1.1.1.4.50.2.0)"
RR,2025,uf_ano,12,0,,2084007843.73,8647148.93,2142489273.26,0.0,-2.7296019756035905,-2.325999071359286,-2.7296019756035905,-2.325999071359286,confaz+DAIC,-2.325999071359286,"sem ponte que feche em dado aberto (melhor: confaz+DAIC, -2.33%); boletim ABAIXO do RREO: consistente com pendencia de carga distribuida nos meses (vintage 'com pendencias') e/ou caixa×competencia",icms_confaz_rs = Σ 12 meses da coluna 'TOTAL DO ICMS  TOTAL DA SEÇÃO' (R$ correntes; duplicatas idênticas deduplicadas); desvio_pct = (icms_confaz_rs/icms_rreo_rs − 1)×100; pontes: +DAIC soma a dívida ativa de ICMS do boletim; −FECP deduz dca_fecp_bruta do RREO; mês pendente = total mensal < 50% da mediana mensal do UF-ano,"CONFAZ, Boletim de Arrecadação dos Tributos Estaduais, aba 'arrecadação por CNAE' (extração 23/06/2026, 'com pendências' — cabeçalho do arquivo); obtido pela interface do dados.gov.br (conjunto boletim-de-arrecadacao-dos-tributos-estaduais; API autenticada — rota fetch-manual §10.4); arquivo congelado data/raw/confaz/20260623_dados-abertos.xlsx (sha256 no sidecar ._meta.json) | SICONFI RREO Anexo 03 via data/processed/r_estadual.csv (icms_bruto = rubrica ICMSLiquidoExcetoTransferenciasEFUNDEB, inclui FECP e consolida dívida ativa; FECP = dca_fecp_bruta, DCA Anexo I-C conta 1.1.1.4.50.2.0)"
RS,2024,uf_ano,12,0,,50761323626.53,958126519.23,50610915119.55,431293336.08,0.2971859066857707,2.1903082044485656,1.1592391938904933,3.0686328584430322,sem_ajuste,0.2971859066857707,,icms_confaz_rs = Σ 12 meses da coluna 'TOTAL DO ICMS  TOTAL DA SEÇÃO' (R$ correntes; duplicatas idênticas deduplicadas); desvio_pct = (icms_confaz_rs/icms_rreo_rs − 1)×100; pontes: +DAIC soma a dívida ativa de ICMS do boletim; −FECP deduz dca_fecp_bruta do RREO; mês pendente = total mensal < 50% da mediana mensal do UF-ano,"CONFAZ, Boletim de Arrecadação dos Tributos Estaduais, aba 'arrecadação por CNAE' (extração 23/06/2026, 'com pendências' — cabeçalho do arquivo); obtido pela interface do dados.gov.br (conjunto boletim-de-arrecadacao-dos-tributos-estaduais; API autenticada — rota fetch-manual §10.4); arquivo congelado data/raw/confaz/20260623_dados-abertos.xlsx (sha256 no sidecar ._meta.json) | SICONFI RREO Anexo 03 via data/processed/r_estadual.csv (icms_bruto = rubrica ICMSLiquidoExcetoTransferenciasEFUNDEB, inclui FECP e consolida dívida ativa; FECP = dca_fecp_bruta, DCA Anexo I-C conta 1.1.1.4.50.2.0)"
RS,2025,uf_ano,12,0,,53827329312.46,2453561539.31,53696398855.02,453427907.51,0.24383470815894093,4.81315703075007,1.0975314760817811,5.7057670715914055,sem_ajuste,0.24383470815894093,,icms_confaz_rs = Σ 12 meses da coluna 'TOTAL DO ICMS  TOTAL DA SEÇÃO' (R$ correntes; duplicatas idênticas deduplicadas); desvio_pct = (icms_confaz_rs/icms_rreo_rs − 1)×100; pontes: +DAIC soma a dívida ativa de ICMS do boletim; −FECP deduz dca_fecp_bruta do RREO; mês pendente = total mensal < 50% da mediana mensal do UF-ano,"CONFAZ, Boletim de Arrecadação dos Tributos Estaduais, aba 'arrecadação por CNAE' (extração 23/06/2026, 'com pendências' — cabeçalho do arquivo); obtido pela interface do dados.gov.br (conjunto boletim-de-arrecadacao-dos-tributos-estaduais; API autenticada — rota fetch-manual §10.4); arquivo congelado data/raw/confaz/20260623_dados-abertos.xlsx (sha256 no sidecar ._meta.json) | SICONFI RREO Anexo 03 via data/processed/r_estadual.csv (icms_bruto = rubrica ICMSLiquidoExcetoTransferenciasEFUNDEB, inclui FECP e consolida dívida ativa; FECP = dca_fecp_bruta, DCA Anexo I-C conta 1.1.1.4.50.2.0)"
SC,2024,uf_ano,12,1,12,38800085391.729996,847824636.3000001,42724622758.0,0.0,-9.185657152549464,-7.201263653975509,-9.185657152549464,-7.201263653975509,confaz+DAIC,-7.201263653975509,"carga incompleta declarada no boletim (1 mes(es) pendente(s): 12) — desvio negativo esperado; comparação inconclusiva nesta vintage; sem ponte que feche em dado aberto (melhor: confaz+DAIC, -7.20%); boletim ABAIXO do RREO: consistente com pendencia de carga distribuida nos meses (vintage 'com pendencias') e/ou caixa×competencia",icms_confaz_rs = Σ 12 meses da coluna 'TOTAL DO ICMS  TOTAL DA SEÇÃO' (R$ correntes; duplicatas idênticas deduplicadas); desvio_pct = (icms_confaz_rs/icms_rreo_rs − 1)×100; pontes: +DAIC soma a dívida ativa de ICMS do boletim; −FECP deduz dca_fecp_bruta do RREO; mês pendente = total mensal < 50% da mediana mensal do UF-ano,"CONFAZ, Boletim de Arrecadação dos Tributos Estaduais, aba 'arrecadação por CNAE' (extração 23/06/2026, 'com pendências' — cabeçalho do arquivo); obtido pela interface do dados.gov.br (conjunto boletim-de-arrecadacao-dos-tributos-estaduais; API autenticada — rota fetch-manual §10.4); arquivo congelado data/raw/confaz/20260623_dados-abertos.xlsx (sha256 no sidecar ._meta.json) | SICONFI RREO Anexo 03 via data/processed/r_estadual.csv (icms_bruto = rubrica ICMSLiquidoExcetoTransferenciasEFUNDEB, inclui FECP e consolida dívida ativa; FECP = dca_fecp_bruta, DCA Anexo I-C conta 1.1.1.4.50.2.0)"
SC,2025,uf_ano,12,3,1+7+10,34107237821.129997,532770873.07,45161068246.31,0.0,-24.47645915922988,-23.296746424880354,-24.47645915922988,-23.296746424880354,confaz+DAIC,-23.296746424880354,"carga incompleta declarada no boletim (3 mes(es) pendente(s): 1+7+10) — desvio negativo esperado; comparação inconclusiva nesta vintage; sem ponte que feche em dado aberto (melhor: confaz+DAIC, -23.30%); boletim ABAIXO do RREO: consistente com pendencia de carga distribuida nos meses (vintage 'com pendencias') e/ou caixa×competencia",icms_confaz_rs = Σ 12 meses da coluna 'TOTAL DO ICMS  TOTAL DA SEÇÃO' (R$ correntes; duplicatas idênticas deduplicadas); desvio_pct = (icms_confaz_rs/icms_rreo_rs − 1)×100; pontes: +DAIC soma a dívida ativa de ICMS do boletim; −FECP deduz dca_fecp_bruta do RREO; mês pendente = total mensal < 50% da mediana mensal do UF-ano,"CONFAZ, Boletim de Arrecadação dos Tributos Estaduais, aba 'arrecadação por CNAE' (extração 23/06/2026, 'com pendências' — cabeçalho do arquivo); obtido pela interface do dados.gov.br (conjunto boletim-de-arrecadacao-dos-tributos-estaduais; API autenticada — rota fetch-manual §10.4); arquivo congelado data/raw/confaz/20260623_dados-abertos.xlsx (sha256 no sidecar ._meta.json) | SICONFI RREO Anexo 03 via data/processed/r_estadual.csv (icms_bruto = rubrica ICMSLiquidoExcetoTransferenciasEFUNDEB, inclui FECP e consolida dívida ativa; FECP = dca_fecp_bruta, DCA Anexo I-C conta 1.1.1.4.50.2.0)"
SE,2024,uf_ano,12,0,,5540733235.24,62419236.09,5608879032.77,226912651.56,-1.2149628674795299,-0.10209814486179525,2.9499785540151313,4.109763503767394,confaz+DAIC,-0.10209814486179525,ponte conceitual fecha: confaz+DAIC reduz o desvio de -1.21% para -0.10% (DAIC: RREO/DCA consolidam divida ativa que o boletim separa; FECP: RREO inclui o adicional que esta UF nao reporta no boletim),icms_confaz_rs = Σ 12 meses da coluna 'TOTAL DO ICMS  TOTAL DA SEÇÃO' (R$ correntes; duplicatas idênticas deduplicadas); desvio_pct = (icms_confaz_rs/icms_rreo_rs − 1)×100; pontes: +DAIC soma a dívida ativa de ICMS do boletim; −FECP deduz dca_fecp_bruta do RREO; mês pendente = total mensal < 50% da mediana mensal do UF-ano,"CONFAZ, Boletim de Arrecadação dos Tributos Estaduais, aba 'arrecadação por CNAE' (extração 23/06/2026, 'com pendências' — cabeçalho do arquivo); obtido pela interface do dados.gov.br (conjunto boletim-de-arrecadacao-dos-tributos-estaduais; API autenticada — rota fetch-manual §10.4); arquivo congelado data/raw/confaz/20260623_dados-abertos.xlsx (sha256 no sidecar ._meta.json) | SICONFI RREO Anexo 03 via data/processed/r_estadual.csv (icms_bruto = rubrica ICMSLiquidoExcetoTransferenciasEFUNDEB, inclui FECP e consolida dívida ativa; FECP = dca_fecp_bruta, DCA Anexo I-C conta 1.1.1.4.50.2.0)"
SE,2025,uf_ano,12,0,,6122809430.36,96454764.37,6095788956.69,252579860.14,0.443264585798131,2.025582560637851,4.785047551611399,6.435763156277163,sem_ajuste,0.443264585798131,,icms_confaz_rs = Σ 12 meses da coluna 'TOTAL DO ICMS  TOTAL DA SEÇÃO' (R$ correntes; duplicatas idênticas deduplicadas); desvio_pct = (icms_confaz_rs/icms_rreo_rs − 1)×100; pontes: +DAIC soma a dívida ativa de ICMS do boletim; −FECP deduz dca_fecp_bruta do RREO; mês pendente = total mensal < 50% da mediana mensal do UF-ano,"CONFAZ, Boletim de Arrecadação dos Tributos Estaduais, aba 'arrecadação por CNAE' (extração 23/06/2026, 'com pendências' — cabeçalho do arquivo); obtido pela interface do dados.gov.br (conjunto boletim-de-arrecadacao-dos-tributos-estaduais; API autenticada — rota fetch-manual §10.4); arquivo congelado data/raw/confaz/20260623_dados-abertos.xlsx (sha256 no sidecar ._meta.json) | SICONFI RREO Anexo 03 via data/processed/r_estadual.csv (icms_bruto = rubrica ICMSLiquidoExcetoTransferenciasEFUNDEB, inclui FECP e consolida dívida ativa; FECP = dca_fecp_bruta, DCA Anexo I-C conta 1.1.1.4.50.2.0)"
SP,2024,uf_ano,12,0,,224883248147.91,1641901579.49,223844100208.03,995903574.71,0.46422842456614877,1.1977307049318542,0.9132008000668268,1.6499810856132502,sem_ajuste,0.46422842456614877,,icms_confaz_rs = Σ 12 meses da coluna 'TOTAL DO ICMS  TOTAL DA SEÇÃO' (R$ correntes; duplicatas idênticas deduplicadas); desvio_pct = (icms_confaz_rs/icms_rreo_rs − 1)×100; pontes: +DAIC soma a dívida ativa de ICMS do boletim; −FECP deduz dca_fecp_bruta do RREO; mês pendente = total mensal < 50% da mediana mensal do UF-ano,"CONFAZ, Boletim de Arrecadação dos Tributos Estaduais, aba 'arrecadação por CNAE' (extração 23/06/2026, 'com pendências' — cabeçalho do arquivo); obtido pela interface do dados.gov.br (conjunto boletim-de-arrecadacao-dos-tributos-estaduais; API autenticada — rota fetch-manual §10.4); arquivo congelado data/raw/confaz/20260623_dados-abertos.xlsx (sha256 no sidecar ._meta.json) | SICONFI RREO Anexo 03 via data/processed/r_estadual.csv (icms_bruto = rubrica ICMSLiquidoExcetoTransferenciasEFUNDEB, inclui FECP e consolida dívida ativa; FECP = dca_fecp_bruta, DCA Anexo I-C conta 1.1.1.4.50.2.0)"
SP,2025,uf_ano,12,0,,238839803011.83,1494689849.53,238061225357.02,989671514.0,0.32704933516256585,0.9549087638824005,0.7458715059424081,1.3763519770493504,sem_ajuste,0.32704933516256585,,icms_confaz_rs = Σ 12 meses da coluna 'TOTAL DO ICMS  TOTAL DA SEÇÃO' (R$ correntes; duplicatas idênticas deduplicadas); desvio_pct = (icms_confaz_rs/icms_rreo_rs − 1)×100; pontes: +DAIC soma a dívida ativa de ICMS do boletim; −FECP deduz dca_fecp_bruta do RREO; mês pendente = total mensal < 50% da mediana mensal do UF-ano,"CONFAZ, Boletim de Arrecadação dos Tributos Estaduais, aba 'arrecadação por CNAE' (extração 23/06/2026, 'com pendências' — cabeçalho do arquivo); obtido pela interface do dados.gov.br (conjunto boletim-de-arrecadacao-dos-tributos-estaduais; API autenticada — rota fetch-manual §10.4); arquivo congelado data/raw/confaz/20260623_dados-abertos.xlsx (sha256 no sidecar ._meta.json) | SICONFI RREO Anexo 03 via data/processed/r_estadual.csv (icms_bruto = rubrica ICMSLiquidoExcetoTransferenciasEFUNDEB, inclui FECP e consolida dívida ativa; FECP = dca_fecp_bruta, DCA Anexo I-C conta 1.1.1.4.50.2.0)"
TO,2024,uf_ano,12,0,,5949646093.57,67240383.18,5947178599.38,42200579.9,0.041490164601021284,1.172116764363973,0.7564477622548749,1.8951545103271128,sem_ajuste,0.041490164601021284,,icms_confaz_rs = Σ 12 meses da coluna 'TOTAL DO ICMS  TOTAL DA SEÇÃO' (R$ correntes; duplicatas idênticas deduplicadas); desvio_pct = (icms_confaz_rs/icms_rreo_rs − 1)×100; pontes: +DAIC soma a dívida ativa de ICMS do boletim; −FECP deduz dca_fecp_bruta do RREO; mês pendente = total mensal < 50% da mediana mensal do UF-ano,"CONFAZ, Boletim de Arrecadação dos Tributos Estaduais, aba 'arrecadação por CNAE' (extração 23/06/2026, 'com pendências' — cabeçalho do arquivo); obtido pela interface do dados.gov.br (conjunto boletim-de-arrecadacao-dos-tributos-estaduais; API autenticada — rota fetch-manual §10.4); arquivo congelado data/raw/confaz/20260623_dados-abertos.xlsx (sha256 no sidecar ._meta.json) | SICONFI RREO Anexo 03 via data/processed/r_estadual.csv (icms_bruto = rubrica ICMSLiquidoExcetoTransferenciasEFUNDEB, inclui FECP e consolida dívida ativa; FECP = dca_fecp_bruta, DCA Anexo I-C conta 1.1.1.4.50.2.0)"
TO,2025,uf_ano,12,0,,6407886830.4,90058547.05,6400909146.71,41937480.36,0.10901082221399516,1.515975754629717,0.7692307281198518,2.1854746080315346,sem_ajuste,0.10901082221399516,,icms_confaz_rs = Σ 12 meses da coluna 'TOTAL DO ICMS  TOTAL DA SEÇÃO' (R$ correntes; duplicatas idênticas deduplicadas); desvio_pct = (icms_confaz_rs/icms_rreo_rs − 1)×100; pontes: +DAIC soma a dívida ativa de ICMS do boletim; −FECP deduz dca_fecp_bruta do RREO; mês pendente = total mensal < 50% da mediana mensal do UF-ano,"CONFAZ, Boletim de Arrecadação dos Tributos Estaduais, aba 'arrecadação por CNAE' (extração 23/06/2026, 'com pendências' — cabeçalho do arquivo); obtido pela interface do dados.gov.br (conjunto boletim-de-arrecadacao-dos-tributos-estaduais; API autenticada — rota fetch-manual §10.4); arquivo congelado data/raw/confaz/20260623_dados-abertos.xlsx (sha256 no sidecar ._meta.json) | SICONFI RREO Anexo 03 via data/processed/r_estadual.csv (icms_bruto = rubrica ICMSLiquidoExcetoTransferenciasEFUNDEB, inclui FECP e consolida dívida ativa; FECP = dca_fecp_bruta, DCA Anexo I-C conta 1.1.1.4.50.2.0)"
BR,2024,mediana_ano,12,1,,,,,,0.46422842456614877,,,,,0.10209814486179525,,mediana de |desvio_pct| das 27 UFs no ano; desvio_pos_ponte_pct = mediana de |desvio| após a melhor ponte de cada UF,"CONFAZ, Boletim de Arrecadação dos Tributos Estaduais, aba 'arrecadação por CNAE' (extração 23/06/2026, 'com pendências' — cabeçalho do arquivo); obtido pela interface do dados.gov.br (conjunto boletim-de-arrecadacao-dos-tributos-estaduais; API autenticada — rota fetch-manual §10.4); arquivo congelado data/raw/confaz/20260623_dados-abertos.xlsx (sha256 no sidecar ._meta.json) | SICONFI RREO Anexo 03 via data/processed/r_estadual.csv (icms_bruto = rubrica ICMSLiquidoExcetoTransferenciasEFUNDEB, inclui FECP e consolida dívida ativa; FECP = dca_fecp_bruta, DCA Anexo I-C conta 1.1.1.4.50.2.0)"
BR,2024,maximo_ano,12,1,,,,,,14.356931480788692,,,,,12.073524568413685,máximo atingido por BA (-14.36% sem ajuste),máximo de |desvio_pct| das 27 UFs no ano; desvio_pos_ponte_pct = máximo de |desvio| após a melhor ponte de cada UF,"CONFAZ, Boletim de Arrecadação dos Tributos Estaduais, aba 'arrecadação por CNAE' (extração 23/06/2026, 'com pendências' — cabeçalho do arquivo); obtido pela interface do dados.gov.br (conjunto boletim-de-arrecadacao-dos-tributos-estaduais; API autenticada — rota fetch-manual §10.4); arquivo congelado data/raw/confaz/20260623_dados-abertos.xlsx (sha256 no sidecar ._meta.json) | SICONFI RREO Anexo 03 via data/processed/r_estadual.csv (icms_bruto = rubrica ICMSLiquidoExcetoTransferenciasEFUNDEB, inclui FECP e consolida dívida ativa; FECP = dca_fecp_bruta, DCA Anexo I-C conta 1.1.1.4.50.2.0)"
BR,2025,mediana_ano,12,3,,,,,,0.35858485235067405,,,,,0.25593560515313474,,mediana de |desvio_pct| das 27 UFs no ano; desvio_pos_ponte_pct = mediana de |desvio| após a melhor ponte de cada UF,"CONFAZ, Boletim de Arrecadação dos Tributos Estaduais, aba 'arrecadação por CNAE' (extração 23/06/2026, 'com pendências' — cabeçalho do arquivo); obtido pela interface do dados.gov.br (conjunto boletim-de-arrecadacao-dos-tributos-estaduais; API autenticada — rota fetch-manual §10.4); arquivo congelado data/raw/confaz/20260623_dados-abertos.xlsx (sha256 no sidecar ._meta.json) | SICONFI RREO Anexo 03 via data/processed/r_estadual.csv (icms_bruto = rubrica ICMSLiquidoExcetoTransferenciasEFUNDEB, inclui FECP e consolida dívida ativa; FECP = dca_fecp_bruta, DCA Anexo I-C conta 1.1.1.4.50.2.0)"
BR,2025,maximo_ano,12,3,,,,,,24.47645915922988,,,,,23.296746424880354,máximo atingido por SC (-24.48% sem ajuste),máximo de |desvio_pct| das 27 UFs no ano; desvio_pos_ponte_pct = máximo de |desvio| após a melhor ponte de cada UF,"CONFAZ, Boletim de Arrecadação dos Tributos Estaduais, aba 'arrecadação por CNAE' (extração 23/06/2026, 'com pendências' — cabeçalho do arquivo); obtido pela interface do dados.gov.br (conjunto boletim-de-arrecadacao-dos-tributos-estaduais; API autenticada — rota fetch-manual §10.4); arquivo congelado data/raw/confaz/20260623_dados-abertos.xlsx (sha256 no sidecar ._meta.json) | SICONFI RREO Anexo 03 via data/processed/r_estadual.csv (icms_bruto = rubrica ICMSLiquidoExcetoTransferenciasEFUNDEB, inclui FECP e consolida dívida ativa; FECP = dca_fecp_bruta, DCA Anexo I-C conta 1.1.1.4.50.2.0)"
